quote_date,origin_port,dest_port,rate_20,rate_40,source,sender,raw_line,src_file
2026-06-25,SHENZHEN,NHAVA SHEVA,1950,2000,ocean_star,as23@oceanstarsz.com,EMC USD1950/2000 CLS28/Jun 3-Jul,FW_ Update rate from China To India - Ocean Star.eml
2026-06-25,SHENZHEN,NHAVA SHEVA,2000,2100,ocean_star,as23@oceanstarsz.com,EMC USD2000/2100 CLS30-Jun 1-Jul,FW_ Update rate from China To India - Ocean Star.eml
2026-06-25,SHENZHEN,NHAVA SHEVA,2200,2200,ocean_star,as23@oceanstarsz.com,IAL USD2200/2200 CLS28/30-Jun,FW_ Update rate from China To India - Ocean Star.eml
2026-06-25,SHENZHEN,NHAVA SHEVA,2100,2100,ocean_star,as23@oceanstarsz.com,WHL USD2100/2100 CLS30-Jun,FW_ Update rate from China To India - Ocean Star.eml
2026-06-25,SHENZHEN,NHAVA SHEVA,2050,2150,ocean_star,as23@oceanstarsz.com,ESL USD2050/2150 ETD30-Jun 4-Jul,FW_ Update rate from China To India - Ocean Star.eml
2026-06-25,SHENZHEN,NHAVA SHEVA,2600,2600,ocean_star,as23@oceanstarsz.com,KMTC USD2600/2600 ETD1/5-Jul,FW_ Update rate from China To India - Ocean Star.eml
2026-06-25,SHENZHEN,NHAVA SHEVA,,2200,ocean_star,as23@oceanstarsz.com,RCL USD2200/40HQ CLS28/30-Jun,FW_ Update rate from China To India - Ocean Star.eml
2026-06-25,SHENZHEN,NHAVA SHEVA,,2150,ocean_star,as23@oceanstarsz.com,ONE USD2150/40HQ CLS29-Jun,FW_ Update rate from China To India - Ocean Star.eml
2026-06-25,SHENZHEN,NHAVA SHEVA,,2000,ocean_star,as23@oceanstarsz.com,SJJ USD2000/40HQ CLS6/10-Jun,FW_ Update rate from China To India - Ocean Star.eml
2026-06-25,SHENZHEN,NHAVA SHEVA,,2110,ocean_star,as23@oceanstarsz.com,HPL USD2110/40HQ ETD12-Jul,FW_ Update rate from China To India - Ocean Star.eml
2026-06-25,SHENZHEN,NHAVA SHEVA,2310,2310,ocean_star,as23@oceanstarsz.com,HMM USD2310/2310 CLS28-Jun 1-Jul,FW_ Update rate from China To India - Ocean Star.eml
2026-06-25,SHENZHEN,NHAVA SHEVA,2200,2200,ocean_star,as23@oceanstarsz.com,MSC USD2200/2200 CLS10-Jun,FW_ Update rate from China To India - Ocean Star.eml
2026-06-25,SHENZHEN,NHAVA SHEVA,2230,2250,ocean_star,as23@oceanstarsz.com,ZIM USD2230/2250 CLS1-Jul,FW_ Update rate from China To India - Ocean Star.eml
2026-06-25,SHENZHEN,NHAVA SHEVA,,2300,ocean_star,as23@oceanstarsz.com,COSCO USD2300/40HQ CLS28-Jun,FW_ Update rate from China To India - Ocean Star.eml
2026-06-25,SHENZHEN,NHAVA SHEVA,2100,2100,ocean_star,as23@oceanstarsz.com,COSCO USD2100/2100 CLS4-Jul,FW_ Update rate from China To India - Ocean Star.eml
2026-06-25,NANSHA,NHAVA SHEVA,1900,2000,ocean_star,as23@oceanstarsz.com,EMC USD1900/2000 CLS1-Jul,FW_ Update rate from China To India - Ocean Star.eml
2026-06-25,NANSHA,NHAVA SHEVA,2100,2100,ocean_star,as23@oceanstarsz.com,IAL USD2100/2100 CLS28-Jun 1-Jul,FW_ Update rate from China To India - Ocean Star.eml
2026-06-25,NANSHA,NHAVA SHEVA,2000,2000,ocean_star,as23@oceanstarsz.com,RCL USD2000/2000 CLS1-Jul,FW_ Update rate from China To India - Ocean Star.eml
2026-06-25,NANSHA,NHAVA SHEVA,2100,2100,ocean_star,as23@oceanstarsz.com,WHL USD2100/2100 ETD29-Jun 1-Jul,FW_ Update rate from China To India - Ocean Star.eml
2026-06-25,NANSHA,NHAVA SHEVA,2400,2400,ocean_star,as23@oceanstarsz.com,MSC USD2400/2400 CLS26-Jun,FW_ Update rate from China To India - Ocean Star.eml
2026-06-25,NANSHA,NHAVA SHEVA,2050,2150,ocean_star,as23@oceanstarsz.com,ESL USD2050/2150 ETD29-Jun 3-Jul,FW_ Update rate from China To India - Ocean Star.eml
2026-06-25,NINGBO,NHAVA SHEVA,2050,2050,ocean_star,as23@oceanstarsz.com,IAL USD2050/2050 ETD5-Jul,FW_ Update rate from China To India - Ocean Star.eml
2026-06-25,NINGBO,NHAVA SHEVA,2150,2200,ocean_star,as23@oceanstarsz.com,PIL USD2150/2200 ETD4-Jul,FW_ Update rate from China To India - Ocean Star.eml
2026-06-25,NINGBO,NHAVA SHEVA,2200,2300,ocean_star,as23@oceanstarsz.com,EMC USD2200/2300 ETD5-Jul,FW_ Update rate from China To India - Ocean Star.eml
2026-06-25,NINGBO,NHAVA SHEVA,2100,2100,ocean_star,as23@oceanstarsz.com,ONE USD2100/2100 ETD7/11-Jul,FW_ Update rate from China To India - Ocean Star.eml
2026-06-25,NINGBO,NHAVA SHEVA,2050,2150,ocean_star,as23@oceanstarsz.com,RCL USD2050/2150 ETD5-Jul,FW_ Update rate from China To India - Ocean Star.eml
2026-06-25,NINGBO,NHAVA SHEVA,2250,2250,ocean_star,as23@oceanstarsz.com,ZIM USD2250/2250 ETD3-Jul,FW_ Update rate from China To India - Ocean Star.eml
2026-06-25,NINGBO,NHAVA SHEVA,2210,2210,ocean_star,as23@oceanstarsz.com,HMM USD2210/2210 ETD1-Jul,FW_ Update rate from China To India - Ocean Star.eml
2026-06-25,NINGBO,NHAVA SHEVA,2150,2150,ocean_star,as23@oceanstarsz.com,MSC USD2150/2150 ETD1-Jul,FW_ Update rate from China To India - Ocean Star.eml
2026-06-25,NINGBO,NHAVA SHEVA,2000,2000,ocean_star,as23@oceanstarsz.com,YML USD2000/2000 ETD5/11-Jul,FW_ Update rate from China To India - Ocean Star.eml
2026-06-25,NINGBO,NHAVA SHEVA,2250,2400,ocean_star,as23@oceanstarsz.com,TSL USD2250/2400 ETD4-Jul,FW_ Update rate from China To India - Ocean Star.eml
2026-06-25,NINGBO,NHAVA SHEVA,2100,2100,ocean_star,as23@oceanstarsz.com,KMTC USD2100/2100 ETD7/11-Jun,FW_ Update rate from China To India - Ocean Star.eml
2026-06-25,SHANGHAI,NHAVA SHEVA,2185,2210,ocean_star,as23@oceanstarsz.com,OOCL USD2185/2210 ETD30-Jun 3-Jul,FW_ Update rate from China To India - Ocean Star.eml
2026-06-25,SHANGHAI,NHAVA SHEVA,2150,2300,ocean_star,as23@oceanstarsz.com,PERMA USD2150/2300 ETD8/9-Jun,FW_ Update rate from China To India - Ocean Star.eml
2026-06-25,SHANGHAI,NHAVA SHEVA,2150,2400,ocean_star,as23@oceanstarsz.com,RCL USD2150/2400 ETD2/9-Jul,FW_ Update rate from China To India - Ocean Star.eml
2026-06-25,SHANGHAI,NHAVA SHEVA,2125,2250,ocean_star,as23@oceanstarsz.com,KMTC USD2125/2250 ETD5-Jun,FW_ Update rate from China To India - Ocean Star.eml
2026-06-25,SHANGHAI,NHAVA SHEVA,2330,2350,ocean_star,as23@oceanstarsz.com,ZIM USD2330/2350 ETD1-Jul,FW_ Update rate from China To India - Ocean Star.eml
2026-06-25,SHANGHAI,NHAVA SHEVA,,2550,ocean_star,as23@oceanstarsz.com,EMC USD2550/40HQ ETD3-Jul,FW_ Update rate from China To India - Ocean Star.eml
2026-06-25,SHANGHAI,NHAVA SHEVA,2200,2200,ocean_star,as23@oceanstarsz.com,MSC USD2200/2200 ETD2-Jul,FW_ Update rate from China To India - Ocean Star.eml
2026-06-25,SHANGHAI,NHAVA SHEVA,2400,2400,ocean_star,as23@oceanstarsz.com,WHL USD2400/2400 ETD5/8-Jul,FW_ Update rate from China To India - Ocean Star.eml
2026-06-25,SHANGHAI,NHAVA SHEVA,1900,2200,ocean_star,as23@oceanstarsz.com,BEN USD1900/2200 ETD5/6-Jul(MCL),FW_ Update rate from China To India - Ocean Star.eml
2026-06-25,QINGDAO,NHAVA SHEVA,2650,2650,ocean_star,as23@oceanstarsz.com,MSC USD2650/2650 ETD5-Jul,FW_ Update rate from China To India - Ocean Star.eml
2026-06-25,QINGDAO,NHAVA SHEVA,2350,2450,ocean_star,as23@oceanstarsz.com,PERMA USD2350/2450 ETD7/14-Jul,FW_ Update rate from China To India - Ocean Star.eml
2026-06-25,QINGDAO,NHAVA SHEVA,2400,2500,ocean_star,as23@oceanstarsz.com,ESL USD2400/2500 ETD30-Jun,FW_ Update rate from China To India - Ocean Star.eml
2026-06-25,QINGDAO,NHAVA SHEVA,2300,2350,ocean_star,as23@oceanstarsz.com,BWL USD2300/2350 ETD7/14-Jul,FW_ Update rate from China To India - Ocean Star.eml
2026-06-25,QINGDAO,NHAVA SHEVA,2600,2600,ocean_star,as23@oceanstarsz.com,WHL USD2600/2600 ETD5-Jun,FW_ Update rate from China To India - Ocean Star.eml
2026-06-25,QINGDAO,NHAVA SHEVA,2700,2700,ocean_star,as23@oceanstarsz.com,EMC USD2700/2700 ETD4-Jul,FW_ Update rate from China To India - Ocean Star.eml
2026-06-25,QINGDAO,NHAVA SHEVA,,2500,ocean_star,as23@oceanstarsz.com,ONE USD2500/40HQ ETD7-Jul,FW_ Update rate from China To India - Ocean Star.eml
2026-06-25,QINGDAO,NHAVA SHEVA,2500,2500,ocean_star,as23@oceanstarsz.com,COSCO USD2500/2500 ETD6-Jun indirect,FW_ Update rate from China To India - Ocean Star.eml
2026-06-25,TIANJIN,NHAVA SHEVA,2430,2430,ocean_star,as23@oceanstarsz.com,MSC USD2430/2430 ETD1-Jul,FW_ Update rate from China To India - Ocean Star.eml
2026-06-25,TIANJIN,NHAVA SHEVA,2500,2500,ocean_star,as23@oceanstarsz.com,PERMA USD2500/2500 ETD9-Jul,FW_ Update rate from China To India - Ocean Star.eml
2026-06-25,TIANJIN,NHAVA SHEVA,2600,2650,ocean_star,as23@oceanstarsz.com,EMC USD2600/2650 ETD9-Jul,FW_ Update rate from China To India - Ocean Star.eml
2026-06-25,TIANJIN,NHAVA SHEVA,2600,2550,ocean_star,as23@oceanstarsz.com,COSCO USD2600/2550 ETD6-Jul,FW_ Update rate from China To India - Ocean Star.eml
2026-06-25,TIANJIN,NHAVA SHEVA,2650,2750,ocean_star,as23@oceanstarsz.com,KMTC USD2650/2750 ETD2-Jul,FW_ Update rate from China To India - Ocean Star.eml
2026-06-25,XIAMEN,NHAVA SHEVA,2350,2350,ocean_star,as23@oceanstarsz.com,COSCO USD2350/2350 ETD3-Jul,FW_ Update rate from China To India - Ocean Star.eml
2026-06-25,XIAMEN,NHAVA SHEVA,2300,2300,ocean_star,as23@oceanstarsz.com,OOCL USD2300/2300 ETD3-Jul,FW_ Update rate from China To India - Ocean Star.eml
2026-06-25,XIAMEN,NHAVA SHEVA,2100,2100,ocean_star,as23@oceanstarsz.com,ESL USD2100/2100 ETD2-Jul 10days free time,FW_ Update rate from China To India - Ocean Star.eml
2026-06-25,XIAMEN,NHAVA SHEVA,2150,2200,ocean_star,as23@oceanstarsz.com,EMC USD2150/2200 ETD3-Jul,FW_ Update rate from China To India - Ocean Star.eml
2026-06-25,XIAMEN,NHAVA SHEVA,2235,2250,ocean_star,as23@oceanstarsz.com,MSC USD2235/2250 ETD5-Jul indirect,FW_ Update rate from China To India - Ocean Star.eml
2026-06-25,DALIAN,NHAVA SHEVA,2525,2625,ocean_star,as23@oceanstarsz.com,EMC USD2525/2625 Valid from 28-Jun to 7-Jul,FW_ Update rate from China To India - Ocean Star.eml
2026-06-25,DALIAN,NHAVA SHEVA,2550,2550,ocean_star,as23@oceanstarsz.com,IAL USD2550/2550 ETD6-Jul indirect,FW_ Update rate from China To India - Ocean Star.eml
2026-06-25,DALIAN,NHAVA SHEVA,2825,2825,ocean_star,as23@oceanstarsz.com,COSCO USD2825/2825 Valid from 22-Jun to 30-Jun,FW_ Update rate from China To India - Ocean Star.eml
2026-06-25,DALIAN,NHAVA SHEVA,2900,3000,ocean_star,as23@oceanstarsz.com,TSL USD2900/3000 ETD3-Jul indirect,FW_ Update rate from China To India - Ocean Star.eml
2026-06-25,SHEKOU,CHENNAI,1550,1650,ocean_star,as23@oceanstarsz.com,"SJJ USD1550/1650, CLS: 03-July",FW_ Update rate from China To India - Ocean Star.eml
2026-06-25,SHEKOU,CHENNAI,1600,1650,ocean_star,as23@oceanstarsz.com,"WHL USD1600/1650, CLS: 03-July",FW_ Update rate from China To India - Ocean Star.eml
2026-06-25,SHEKOU,CHENNAI,1800,1800,ocean_star,as23@oceanstarsz.com,"NAMSUNG USD1800/1800, CLS: 03-July",FW_ Update rate from China To India - Ocean Star.eml
2026-06-25,SHEKOU,CHENNAI,,1800,ocean_star,as23@oceanstarsz.com,"COSCO USD1800/40HQ, CLS: 04-July",FW_ Update rate from China To India - Ocean Star.eml
2026-06-25,SHEKOU,CHENNAI,2010,2270,ocean_star,as23@oceanstarsz.com,"SITC USD2010/2270, CLS: 06-July",FW_ Update rate from China To India - Ocean Star.eml
2026-06-25,NANSHA,CHENNAI,1550,1550,ocean_star,as23@oceanstarsz.com,"NAMSUNG USD1550/1550, CLS: 02-July",FW_ Update rate from China To India - Ocean Star.eml
2026-06-25,NANSHA,CHENNAI,,1650,ocean_star,as23@oceanstarsz.com,"SJJ USD1650/40HQ, CLS: 02-July",FW_ Update rate from China To India - Ocean Star.eml
2026-06-25,NANSHA,CHENNAI,1750,1750,ocean_star,as23@oceanstarsz.com,"WHL USD1750/1750, CLS: 04-July",FW_ Update rate from China To India - Ocean Star.eml
2026-06-25,NANSHA,CHENNAI,1750,1750,ocean_star,as23@oceanstarsz.com,"IAL USD1750/1750, CLS: 02/03-July",FW_ Update rate from China To India - Ocean Star.eml
2026-06-25,NANSHA,CHENNAI,1850,1900,ocean_star,as23@oceanstarsz.com,"COSCO USD1850/1900, rate valid to 07-July",FW_ Update rate from China To India - Ocean Star.eml
2026-06-25,NINGBO,CHENNAI,2000,2100,ocean_star,as23@oceanstarsz.com,"IAL USD2000/2100, ETD: 05-July",FW_ Update rate from China To India - Ocean Star.eml
2026-06-25,NINGBO,CHENNAI,2000,2100,ocean_star,as23@oceanstarsz.com,"PIL USD2000/2100, ETD: 03-July",FW_ Update rate from China To India - Ocean Star.eml
2026-06-25,SHANGHAI,CHENNAI,1700,1800,ocean_star,as23@oceanstarsz.com,"CMA USD1700/1800, ETD: 05-July",FW_ Update rate from China To India - Ocean Star.eml
2026-06-25,SHANGHAI,CHENNAI,1800,2000,ocean_star,as23@oceanstarsz.com,"PIL USD1800/2000, ETD: 03-July",FW_ Update rate from China To India - Ocean Star.eml
2026-06-25,SHANGHAI,CHENNAI,2000,2100,ocean_star,as23@oceanstarsz.com,"WHL USD2000/2100, ETD: 08-July",FW_ Update rate from China To India - Ocean Star.eml
2026-06-25,SHANGHAI,CHENNAI,1900,2200,ocean_star,as23@oceanstarsz.com,"SITC USD1900/2200, ETD: 05-July",FW_ Update rate from China To India - Ocean Star.eml
2026-06-25,SHANGHAI,CHENNAI,1900,2300,ocean_star,as23@oceanstarsz.com,"SKR USD1900/2300, ETD: 07-July",FW_ Update rate from China To India - Ocean Star.eml
2026-06-25,SHANGHAI,CHENNAI,1950,2050,ocean_star,as23@oceanstarsz.com,"KMTC USD1950/2050, ETD: 05-July",FW_ Update rate from China To India - Ocean Star.eml
2026-06-25,QINGDAO,CHENNAI,1850,1850,ocean_star,as23@oceanstarsz.com,"MSC USD1850/1850, ETD: 02-July",FW_ Update rate from China To India - Ocean Star.eml
2026-06-25,QINGDAO,CHENNAI,2200,2200,ocean_star,as23@oceanstarsz.com,"WHL USD2200/2200, ETD: 05-July",FW_ Update rate from China To India - Ocean Star.eml
2026-06-25,QINGDAO,CHENNAI,2000,2300,ocean_star,as23@oceanstarsz.com,"TSL USD2000/2300, ETD: 10-July",FW_ Update rate from China To India - Ocean Star.eml
2026-06-25,TIANJIN,CHENNAI,1800,1800,ocean_star,as23@oceanstarsz.com,"RCL USD1800/1800, ETD: 05-July",FW_ Update rate from China To India - Ocean Star.eml
2026-06-25,TIANJIN,CHENNAI,1850,1850,ocean_star,as23@oceanstarsz.com,"MSC USD1850/1850, Rate valid to 05-July",FW_ Update rate from China To India - Ocean Star.eml
2026-06-25,TIANJIN,CHENNAI,1800,1900,ocean_star,as23@oceanstarsz.com,"KMTC USD1800/1900, Rate valid to 04-July",FW_ Update rate from China To India - Ocean Star.eml
2026-06-25,XIAMEN,CHENNAI,1500,1550,ocean_star,as23@oceanstarsz.com,"RCL USD1500/1550, ETD: 03-July",FW_ Update rate from China To India - Ocean Star.eml
2026-06-25,XIAMEN,CHENNAI,1550,1550,ocean_star,as23@oceanstarsz.com,"WHL USD1550/1550, ETD: 29-June",FW_ Update rate from China To India - Ocean Star.eml
2026-06-25,XIAMEN,CHENNAI,1500,1550,ocean_star,as23@oceanstarsz.com,"IAL USD1500/1550, ETD: 29-June",FW_ Update rate from China To India - Ocean Star.eml
2026-06-25,XIAMEN,CHENNAI,1650,1750,ocean_star,as23@oceanstarsz.com,"COSCO USD1650/1750, ETD: 29-June",FW_ Update rate from China To India - Ocean Star.eml
2026-06-25,DALIAN,CHENNAI,2200,2500,ocean_star,as23@oceanstarsz.com,"TSL USD2200/2500, ETD: 03-July",FW_ Update rate from China To India - Ocean Star.eml
2026-06-25,DALIAN,CHENNAI,1800,1900,ocean_star,as23@oceanstarsz.com,"EMC USD1800/1900, Rate valid to 07-July",FW_ Update rate from China To India - Ocean Star.eml
2026-06-25,DALIAN,CHENNAI,1825,1825,ocean_star,as23@oceanstarsz.com,"MSC USD1825/1825, Rate valid to 07-July",FW_ Update rate from China To India - Ocean Star.eml
2026-06-25,DALIAN,CHENNAI,2125,2225,ocean_star,as23@oceanstarsz.com,"WHL USD2125/2225, Rate valid to 07-July",FW_ Update rate from China To India - Ocean Star.eml
2026-06-25,SHENZHEN,KOLKATA,1950,2150,ocean_star,as23@oceanstarsz.com,RCL USD1950/2150 ETD29-JUN & 02-JUL,FW_ Update rate from China To India - Ocean Star.eml
2026-06-25,SHENZHEN,KOLKATA,1900,2350,ocean_star,as23@oceanstarsz.com,WHL USD1900/2350 ETD29-JUN & 05-JUL,FW_ Update rate from China To India - Ocean Star.eml
2026-06-25,SHENZHEN,KOLKATA,2050,3050,ocean_star,as23@oceanstarsz.com,PIL USD2050/3050 ETD05-JUL,FW_ Update rate from China To India - Ocean Star.eml
2026-06-25,SHENZHEN,KOLKATA,2475,3100,ocean_star,as23@oceanstarsz.com,SITC USD2475/3100 ETD06-JUL,FW_ Update rate from China To India - Ocean Star.eml
2026-06-25,SHENZHEN,KOLKATA,2150,2150,ocean_star,as23@oceanstarsz.com,MSC USD2150/2150 Rate valid till 05TH JUL,FW_ Update rate from China To India - Ocean Star.eml
2026-06-25,SHENZHEN,KOLKATA,1700,1900,ocean_star,as23@oceanstarsz.com,ONE USD1700/1900 Rate valid till  30TH JUN,FW_ Update rate from China To India - Ocean Star.eml
2026-06-25,SHENZHEN,KOLKATA,2150,2150,ocean_star,as23@oceanstarsz.com,COSCO USD2150/2150 Rate valid till 30TH JUN,FW_ Update rate from China To India - Ocean Star.eml
2026-06-25,NANSHA,KOLKATA,1750,2250,ocean_star,as23@oceanstarsz.com,RCL USD1750/2250 ETD28-JUN,FW_ Update rate from China To India - Ocean Star.eml
2026-06-25,NANSHA,KOLKATA,1750,1950,ocean_star,as23@oceanstarsz.com,ONE USD1750/1950 Rate valid till  30TH JUN,FW_ Update rate from China To India - Ocean Star.eml
2026-06-25,NANSHA,KOLKATA,2150,2150,ocean_star,as23@oceanstarsz.com,MSC USD2150/2150 Rate valid till 05TH JUL,FW_ Update rate from China To India - Ocean Star.eml
2026-06-25,NANSHA,KOLKATA,2150,2150,ocean_star,as23@oceanstarsz.com,COSCO USD2150/2150 Rate valid till 30TH JUN,FW_ Update rate from China To India - Ocean Star.eml
2026-06-25,NINGBO,KOLKATA,1450,2450,ocean_star,as23@oceanstarsz.com,WHL USD1450/2450 ETD27-JUN,FW_ Update rate from China To India - Ocean Star.eml
2026-06-25,NINGBO,KOLKATA,2025,2350,ocean_star,as23@oceanstarsz.com,SITC USD2025/2350 ETD30-JUN,FW_ Update rate from China To India - Ocean Star.eml
2026-06-25,NINGBO,KOLKATA,1900,2200,ocean_star,as23@oceanstarsz.com,PIL USD1900/2200 ETD30-JUN  20GP under 12t,FW_ Update rate from China To India - Ocean Star.eml
2026-06-25,NINGBO,KOLKATA,1800,1850,ocean_star,as23@oceanstarsz.com,YML USD1800/1850  ETD04-JUL,FW_ Update rate from China To India - Ocean Star.eml
2026-06-25,NINGBO,KOLKATA,1650,1750,ocean_star,as23@oceanstarsz.com,IAL USD1650/1750 ETD10-JUL,FW_ Update rate from China To India - Ocean Star.eml
2026-06-25,SHANGHAI,KOLKATA,1550,2050,ocean_star,as23@oceanstarsz.com,"RCL USD1550/2050 ETD02/04-JUL,",FW_ Update rate from China To India - Ocean Star.eml
2026-06-25,SHANGHAI,KOLKATA,2150,2150,ocean_star,as23@oceanstarsz.com,MSC USD2150/2150 ETD01-JUL,FW_ Update rate from China To India - Ocean Star.eml
2026-06-25,SHANGHAI,KOLKATA,1600,2350,ocean_star,as23@oceanstarsz.com,WHL USD1600/2350 ETD28-JUN & 08-JUL,FW_ Update rate from China To India - Ocean Star.eml
2026-06-25,SHANGHAI,KOLKATA,1775,2300,ocean_star,as23@oceanstarsz.com,PIL USD1775/2300 ETD03-JUL,FW_ Update rate from China To India - Ocean Star.eml
2026-06-25,SHANGHAI,KOLKATA,1900,2200,ocean_star,as23@oceanstarsz.com,YML USD1900/2200 ETD03-JUL,FW_ Update rate from China To India - Ocean Star.eml
2026-06-25,XIAMEN,KOLKATA,1850,2050,ocean_star,as23@oceanstarsz.com,COSCO USD1850/2050 ETD29-JUN,FW_ Update rate from China To India - Ocean Star.eml
2026-06-25,XIAMEN,KOLKATA,1800,2050,ocean_star,as23@oceanstarsz.com,RCL USD1800/2050 ETD03-JUL,FW_ Update rate from China To India - Ocean Star.eml
2026-06-25,XIAMEN,KOLKATA,1800,2800,ocean_star,as23@oceanstarsz.com,PIL USD1800/2800 ETD04-JUL,FW_ Update rate from China To India - Ocean Star.eml
2026-06-25,XIAMEN,KOLKATA,2200,2200,ocean_star,as23@oceanstarsz.com,MSC USD2200/2200 ETD05-JUL,FW_ Update rate from China To India - Ocean Star.eml
2026-06-25,QINGDAO,KOLKATA,2300,2300,ocean_star,as23@oceanstarsz.com,MSC USD2300/2300 ETD02-JUL,FW_ Update rate from China To India - Ocean Star.eml
2026-06-25,QINGDAO,KOLKATA,2100,2150,ocean_star,as23@oceanstarsz.com,ESL USD2100/2150 ETD28-JUN,FW_ Update rate from China To India - Ocean Star.eml
2026-06-25,QINGDAO,KOLKATA,,2100,ocean_star,as23@oceanstarsz.com,COSCO USD2100/40HQ ETD29-JUN,FW_ Update rate from China To India - Ocean Star.eml
2026-06-25,QINGDAO,KOLKATA,2250,2250,ocean_star,as23@oceanstarsz.com,PIL USD2250/2250  ETD30-JUN  20GP over 13.9t+OWS500,FW_ Update rate from China To India - Ocean Star.eml
2026-06-25,QINGDAO,KOLKATA,2400,2700,ocean_star,as23@oceanstarsz.com,"SITC USD2400/2700  ETD07-JUL,20GP/40HQ over 20.9T+100/100",FW_ Update rate from China To India - Ocean Star.eml
2026-06-25,TIANJIN,KOLKATA,2300,2300,ocean_star,as23@oceanstarsz.com,MSC USD2300/2300 ETD01-JUL,FW_ Update rate from China To India - Ocean Star.eml
2026-06-25,TIANJIN,KOLKATA,2350,2450,ocean_star,as23@oceanstarsz.com,RCL USD2350/2450 ETD05-JUL,FW_ Update rate from China To India - Ocean Star.eml
2026-06-25,TIANJIN,KOLKATA,2100,2200,ocean_star,as23@oceanstarsz.com,COSCO USD2100/2200 ETD03-JUL,FW_ Update rate from China To India - Ocean Star.eml
2026-06-25,TIANJIN,KOLKATA,2350,2550,ocean_star,as23@oceanstarsz.com,"SITC USD2350/2550 ETD03/05-JUL,40HQ over 24.9+OWS100",FW_ Update rate from China To India - Ocean Star.eml
2026-06-25,DALIAN,KOLKATA,2300,2300,ocean_star,as23@oceanstarsz.com,MSC USD2300/2300 ETD01-JUL,FW_ Update rate from China To India - Ocean Star.eml
2026-06-25,DALIAN,KOLKATA,2300,2400,ocean_star,as23@oceanstarsz.com,IAL USD2300/2400 ETD29-JUN,FW_ Update rate from China To India - Ocean Star.eml
2026-06-18,SHEKOU,CHENNAI,1600,1600,ocean_star,as23@oceanstarsz.com,"NAMSUNG USD1600/1600, CLS: 26-June",FW_ Update rate from China To India - Ocean Star_1.eml
2026-06-18,SHEKOU,CHENNAI,1600,1700,ocean_star,as23@oceanstarsz.com,"SJJ USD1600/1700, CLS: 28-June",FW_ Update rate from China To India - Ocean Star_1.eml
2026-06-18,SHEKOU,CHENNAI,1600,1650,ocean_star,as23@oceanstarsz.com,"WHL USD1600/1650, CLS: 20/25-June",FW_ Update rate from China To India - Ocean Star_1.eml
2026-06-18,SHEKOU,CHENNAI,1650,1650,ocean_star,as23@oceanstarsz.com,"IAL USD1650/1650, CLS: 19/21/23-June",FW_ Update rate from China To India - Ocean Star_1.eml
2026-06-18,SHEKOU,CHENNAI,1600,1600,ocean_star,as23@oceanstarsz.com,"COSCO USD1600/1600, CLS: 20-June",FW_ Update rate from China To India - Ocean Star_1.eml
2026-06-18,SHEKOU,CHENNAI,1650,1650,ocean_star,as23@oceanstarsz.com,"TSL USD1650/1650, CLS: 23-June",FW_ Update rate from China To India - Ocean Star_1.eml
2026-06-18,SHEKOU,CHENNAI,1650,1650,ocean_star,as23@oceanstarsz.com,"SKR USD1650/1650, CLS: 24-June",FW_ Update rate from China To India - Ocean Star_1.eml
2026-06-18,SHEKOU,CHENNAI,1675,1675,ocean_star,as23@oceanstarsz.com,"KMTC USD1675/1675, CLS: 23/25-June",FW_ Update rate from China To India - Ocean Star_1.eml
2026-06-18,SHEKOU,CHENNAI,1950,2200,ocean_star,as23@oceanstarsz.com,"SITC USD1950/2200, CLS: 29-June",FW_ Update rate from China To India - Ocean Star_1.eml
2026-06-18,NANSHA,CHENNAI,1550,1550,ocean_star,as23@oceanstarsz.com,"NAMSUNG USD1550/1550, CLS: 25-June",FW_ Update rate from China To India - Ocean Star_1.eml
2026-06-18,NANSHA,CHENNAI,1750,1750,ocean_star,as23@oceanstarsz.com,"IAL USD1750/1750, CLS: 25/26-June",FW_ Update rate from China To India - Ocean Star_1.eml
2026-06-18,NANSHA,CHENNAI,1750,1850,ocean_star,as23@oceanstarsz.com,"RCL USD1750/1850, CLS: 27-June",FW_ Update rate from China To India - Ocean Star_1.eml
2026-06-18,NANSHA,CHENNAI,1850,1850,ocean_star,as23@oceanstarsz.com,"WHL USD1850/1850, CLS: 26-June",FW_ Update rate from China To India - Ocean Star_1.eml
2026-06-18,NANSHA,CHENNAI,1850,1900,ocean_star,as23@oceanstarsz.com,"COSCO USD1850/1900, rate valid to 30-June",FW_ Update rate from China To India - Ocean Star_1.eml
2026-06-18,NINGBO,CHENNAI,1850,2000,ocean_star,as23@oceanstarsz.com,"TSL USD1850/2000, ETD: 21-June",FW_ Update rate from China To India - Ocean Star_1.eml
2026-06-18,NINGBO,CHENNAI,1950,2150,ocean_star,as23@oceanstarsz.com,"PIL USD1950/2150, ETD: 24-June",FW_ Update rate from China To India - Ocean Star_1.eml
2026-06-18,SHANGHAI,CHENNAI,1600,1700,ocean_star,as23@oceanstarsz.com,"CMA USD1600/1700, ETD: 25-June",FW_ Update rate from China To India - Ocean Star_1.eml
2026-06-18,SHANGHAI,CHENNAI,1900,1900,ocean_star,as23@oceanstarsz.com,"EMC USD1900/1900, ETD: 27-June",FW_ Update rate from China To India - Ocean Star_1.eml
2026-06-18,SHANGHAI,CHENNAI,1850,2000,ocean_star,as23@oceanstarsz.com,"IAL USD1850/2000, ETD: 26-June",FW_ Update rate from China To India - Ocean Star_1.eml
2026-06-18,SHANGHAI,CHENNAI,1775,2050,ocean_star,as23@oceanstarsz.com,"SITC USD1775/2050, ETD: 24-June",FW_ Update rate from China To India - Ocean Star_1.eml
2026-06-18,SHANGHAI,CHENNAI,1900,2000,ocean_star,as23@oceanstarsz.com,"WHL USD1900/2000, ETD: 01-July",FW_ Update rate from China To India - Ocean Star_1.eml
2026-06-18,QINGDAO,CHENNAI,2100,2100,ocean_star,as23@oceanstarsz.com,"WHL USD2100/2100, ETD: 28-June",FW_ Update rate from China To India - Ocean Star_1.eml
2026-06-18,QINGDAO,CHENNAI,2100,2250,ocean_star,as23@oceanstarsz.com,"TSL USD2100/2250, ETD: 05-July",FW_ Update rate from China To India - Ocean Star_1.eml
2026-06-18,QINGDAO,CHENNAI,2050,2350,ocean_star,as23@oceanstarsz.com,"SNL USD2050/2350, ETD: 01-July",FW_ Update rate from China To India - Ocean Star_1.eml
2026-06-18,TIANJIN,CHENNAI,1800,1900,ocean_star,as23@oceanstarsz.com,"RCL USD1800/1900, ETD: 02-July",FW_ Update rate from China To India - Ocean Star_1.eml
2026-06-18,TIANJIN,CHENNAI,1800,1800,ocean_star,as23@oceanstarsz.com,"COSCO USD1800/1800, ETD: 25-June",FW_ Update rate from China To India - Ocean Star_1.eml
2026-06-18,TIANJIN,CHENNAI,1900,1900,ocean_star,as23@oceanstarsz.com,"MSC USD1900/1900, Rate valid to 29-June",FW_ Update rate from China To India - Ocean Star_1.eml
2026-06-18,TIANJIN,CHENNAI,1900,2000,ocean_star,as23@oceanstarsz.com,"KMTC USD1900/2000, Rate valid to 27-June",FW_ Update rate from China To India - Ocean Star_1.eml
2026-06-18,XIAMEN,CHENNAI,1450,1850,ocean_star,as23@oceanstarsz.com,"PIL USD1450/1850, ETD: 23-June",FW_ Update rate from China To India - Ocean Star_1.eml
2026-06-18,XIAMEN,CHENNAI,1500,1500,ocean_star,as23@oceanstarsz.com,"KMTC USD1500/1500, ETD: 25-June",FW_ Update rate from China To India - Ocean Star_1.eml
2026-06-18,XIAMEN,CHENNAI,1500,1550,ocean_star,as23@oceanstarsz.com,"RCL USD1500/1550, ETD: 26-June",FW_ Update rate from China To India - Ocean Star_1.eml
2026-06-18,XIAMEN,CHENNAI,1650,1750,ocean_star,as23@oceanstarsz.com,"COSCO USD1650/1750, ETD: 26/29-June",FW_ Update rate from China To India - Ocean Star_1.eml
2026-06-18,DALIAN,CHENNAI,1825,1825,ocean_star,as23@oceanstarsz.com,"MSC USD1825/1825, Rate valid to 28-June",FW_ Update rate from China To India - Ocean Star_1.eml
2026-06-18,DALIAN,CHENNAI,2325,2425,ocean_star,as23@oceanstarsz.com,"WHL USD2325/2425, Rate valid to 30-June",FW_ Update rate from China To India - Ocean Star_1.eml
2026-07-03,SHENZHEN,NHAVA SHEVA,1750,1800,ocean_star,as23@oceanstarsz.com,EMC USD1750/1800 CLS8/9/10/11/12/15/16-Jul,FW_ Update rate from China To India - Ocean Star_2.eml
2026-07-03,SHENZHEN,NHAVA SHEVA,1800,1800,ocean_star,as23@oceanstarsz.com,WHL USD1800/1800 CLS8/11/13/17-Jul,FW_ Update rate from China To India - Ocean Star_2.eml
2026-07-03,SHENZHEN,NHAVA SHEVA,1800,1900,ocean_star,as23@oceanstarsz.com,ESL USD1800/1900 ETD8/12-Jul,FW_ Update rate from China To India - Ocean Star_2.eml
2026-07-03,SHENZHEN,NHAVA SHEVA,2000,2000,ocean_star,as23@oceanstarsz.com,KMTC USD2000/2000 ETD10-Jul,FW_ Update rate from China To India - Ocean Star_2.eml
2026-07-03,SHENZHEN,NHAVA SHEVA,1850,1850,ocean_star,as23@oceanstarsz.com,IAL USD1850/1850 CLS6-Jul,FW_ Update rate from China To India - Ocean Star_2.eml
2026-07-03,SHENZHEN,NHAVA SHEVA,1900,1900,ocean_star,as23@oceanstarsz.com,RCL USD1900/1900 CLS15/16-Jul,FW_ Update rate from China To India - Ocean Star_2.eml
2026-07-03,SHENZHEN,NHAVA SHEVA,1800,1850,ocean_star,as23@oceanstarsz.com,SJJ USD1800/1850 CLS8-Jul,FW_ Update rate from China To India - Ocean Star_2.eml
2026-07-03,SHENZHEN,NHAVA SHEVA,1371,1860,ocean_star,as23@oceanstarsz.com,HPL USD1371/1860 ETD15-Jul,FW_ Update rate from China To India - Ocean Star_2.eml
2026-07-03,SHENZHEN,NHAVA SHEVA,2000,2100,ocean_star,as23@oceanstarsz.com,TSL USD2000/2100 CLS9-Jul,FW_ Update rate from China To India - Ocean Star_2.eml
2026-07-03,SHENZHEN,NHAVA SHEVA,2000,2000,ocean_star,as23@oceanstarsz.com,MSC USD2000/2000 CLS9/14-Jul,FW_ Update rate from China To India - Ocean Star_2.eml
2026-07-03,SHENZHEN,NHAVA SHEVA,1900,1900,ocean_star,as23@oceanstarsz.com,COSCO USD1900/1900 CLS11-Jul,FW_ Update rate from China To India - Ocean Star_2.eml
2026-07-03,SHENZHEN,NHAVA SHEVA,1930,1950,ocean_star,as23@oceanstarsz.com,ZIM USD1930/1950 CLS15-Jul,FW_ Update rate from China To India - Ocean Star_2.eml
2026-07-03,SHENZHEN,NHAVA SHEVA,1600,1600,ocean_star,as23@oceanstarsz.com,ZHONGGU USD1600/1600 CLS15-Jul,FW_ Update rate from China To India - Ocean Star_2.eml
2026-07-03,NANSHA,NHAVA SHEVA,1800,1900,ocean_star,as23@oceanstarsz.com,ESL USD1800/1900 ETD11-Jul,FW_ Update rate from China To India - Ocean Star_2.eml
2026-07-03,NANSHA,NHAVA SHEVA,2100,2100,ocean_star,as23@oceanstarsz.com,RCL USD2100/2100 ETD16-Jul via Shekou,FW_ Update rate from China To India - Ocean Star_2.eml
2026-07-03,NANSHA,NHAVA SHEVA,1900,1900,ocean_star,as23@oceanstarsz.com,COSCO USD1900/1900 CLS8-Jul,FW_ Update rate from China To India - Ocean Star_2.eml
2026-07-03,NANSHA,NHAVA SHEVA,1850,1900,ocean_star,as23@oceanstarsz.com,EMC USD1850/1900 CLS9-Jul,FW_ Update rate from China To India - Ocean Star_2.eml
2026-07-03,NANSHA,NHAVA SHEVA,2100,2100,ocean_star,as23@oceanstarsz.com,IAL USD2100/2100 CLS10-Jul,FW_ Update rate from China To India - Ocean Star_2.eml
2026-07-03,NANSHA,NHAVA SHEVA,2100,2100,ocean_star,as23@oceanstarsz.com,WHL USD2100/2100 ETD12-Jul,FW_ Update rate from China To India - Ocean Star_2.eml
2026-07-03,NINGBO,NHAVA SHEVA,1900,1900,ocean_star,as23@oceanstarsz.com,IAL USD1900/1900 ETD12/14-Jul,FW_ Update rate from China To India - Ocean Star_2.eml
2026-07-03,NINGBO,NHAVA SHEVA,1850,1900,ocean_star,as23@oceanstarsz.com,PERMA USD1850/1900 ETD12-Jul,FW_ Update rate from China To India - Ocean Star_2.eml
2026-07-03,NINGBO,NHAVA SHEVA,1900,2000,ocean_star,as23@oceanstarsz.com,EMC USD1900/2000 ETD13-Jul,FW_ Update rate from China To India - Ocean Star_2.eml
2026-07-03,NINGBO,NHAVA SHEVA,1950,1900,ocean_star,as23@oceanstarsz.com,ONE USD1950/1900 ETD9-Jul,FW_ Update rate from China To India - Ocean Star_2.eml
2026-07-03,NINGBO,NHAVA SHEVA,2000,2100,ocean_star,as23@oceanstarsz.com,OOCL USD2000/2100 ETD9-Jul,FW_ Update rate from China To India - Ocean Star_2.eml
2026-07-03,NINGBO,NHAVA SHEVA,1950,1950,ocean_star,as23@oceanstarsz.com,WHL USD1950/1950 ETD12-Jul,FW_ Update rate from China To India - Ocean Star_2.eml
2026-07-03,NINGBO,NHAVA SHEVA,1900,2100,ocean_star,as23@oceanstarsz.com,PIL USD1900/2100 ETD14-Jul,FW_ Update rate from China To India - Ocean Star_2.eml
2026-07-03,NINGBO,NHAVA SHEVA,1900,1900,ocean_star,as23@oceanstarsz.com,MSC USD1900/1900 ETD13-Jul,FW_ Update rate from China To India - Ocean Star_2.eml
2026-07-03,NINGBO,NHAVA SHEVA,1750,1850,ocean_star,as23@oceanstarsz.com,TSL USD1750/1850 ETD14-Jul,FW_ Update rate from China To India - Ocean Star_2.eml
2026-07-03,NINGBO,NHAVA SHEVA,2000,2000,ocean_star,as23@oceanstarsz.com,ZIM USD2000/2000 ETD14-Jul,FW_ Update rate from China To India - Ocean Star_2.eml
2026-07-03,NINGBO,NHAVA SHEVA,1950,1950,ocean_star,as23@oceanstarsz.com,ESL USD1950/1950 ETD15-Jul 10days free time,FW_ Update rate from China To India - Ocean Star_2.eml
2026-07-03,NINGBO,NHAVA SHEVA,2100,2100,ocean_star,as23@oceanstarsz.com,KMTC USD2100/2100 ETD7/11-Jul,FW_ Update rate from China To India - Ocean Star_2.eml
2026-07-03,SHANGHAI,NHAVA SHEVA,1950,2100,ocean_star,as23@oceanstarsz.com,PERMA USD1950/2100 ETD8/9-Jul,FW_ Update rate from China To India - Ocean Star_2.eml
2026-07-03,SHANGHAI,NHAVA SHEVA,1900,1900,ocean_star,as23@oceanstarsz.com,CSL USD1900/1900 ETD11-Jul,FW_ Update rate from China To India - Ocean Star_2.eml
2026-07-03,SHANGHAI,NHAVA SHEVA,1950,2050,ocean_star,as23@oceanstarsz.com,RCL USD1950/2050 ETD9/14-Jul,FW_ Update rate from China To India - Ocean Star_2.eml
2026-07-03,SHANGHAI,NHAVA SHEVA,2050,2000,ocean_star,as23@oceanstarsz.com,PIL USD2050/2000 ETD12-Jul,FW_ Update rate from China To India - Ocean Star_2.eml
2026-07-03,SHANGHAI,NHAVA SHEVA,1900,2000,ocean_star,as23@oceanstarsz.com,ZIM USD1900/2000 ETD11-Jul,FW_ Update rate from China To India - Ocean Star_2.eml
2026-07-03,SHANGHAI,NHAVA SHEVA,1900,1900,ocean_star,as23@oceanstarsz.com,YML USD1900/1900 ETD14-Jul,FW_ Update rate from China To India - Ocean Star_2.eml
2026-07-03,SHANGHAI,NHAVA SHEVA,2010,2010,ocean_star,as23@oceanstarsz.com,HMM USD2010/2010 ETD14-Jul,FW_ Update rate from China To India - Ocean Star_2.eml
2026-07-03,SHANGHAI,NHAVA SHEVA,2150,2136,ocean_star,as23@oceanstarsz.com,IAL USD2150/2136 ETD9-Jul,FW_ Update rate from China To India - Ocean Star_2.eml
2026-07-03,SHANGHAI,NHAVA SHEVA,2185,2210,ocean_star,as23@oceanstarsz.com,OOCL USD2185/2210 ETD7-Jul,FW_ Update rate from China To India - Ocean Star_2.eml
2026-07-03,SHANGHAI,NHAVA SHEVA,2000,2000,ocean_star,as23@oceanstarsz.com,EMC USD2000/2000 ETD10-Jul,FW_ Update rate from China To India - Ocean Star_2.eml
2026-07-03,SHANGHAI,NHAVA SHEVA,1900,1950,ocean_star,as23@oceanstarsz.com,ONE USD1900/1950 Valid from 6-Jul to 14-Jul,FW_ Update rate from China To India - Ocean Star_2.eml
2026-07-03,SHANGHAI,NHAVA SHEVA,1925,2050,ocean_star,as23@oceanstarsz.com,KMTC USD1925/2050 ET10/11-Jul,FW_ Update rate from China To India - Ocean Star_2.eml
2026-07-03,SHANGHAI,NHAVA SHEVA,2000,2000,ocean_star,as23@oceanstarsz.com,MSC USD2000/2000 ETD7-Jul,FW_ Update rate from China To India - Ocean Star_2.eml
2026-07-03,SHANGHAI,NHAVA SHEVA,2000,2000,ocean_star,as23@oceanstarsz.com,WHL USD2000/2000 ETD16-Jul,FW_ Update rate from China To India - Ocean Star_2.eml
2026-07-03,QINGDAO,NHAVA SHEVA,2425,2425,ocean_star,as23@oceanstarsz.com,MSC USD2425/2425 ETD12-Jul,FW_ Update rate from China To India - Ocean Star_2.eml
2026-07-03,QINGDAO,NHAVA SHEVA,2300,2250,ocean_star,as23@oceanstarsz.com,PERMA USD2300/2250 ETD14/17-Jul,FW_ Update rate from China To India - Ocean Star_2.eml
2026-07-03,QINGDAO,NHAVA SHEVA,2300,2250,ocean_star,as23@oceanstarsz.com,BWL USD2300/2250 ETD14/17-Jul,FW_ Update rate from China To India - Ocean Star_2.eml
2026-07-03,QINGDAO,NHAVA SHEVA,2250,2250,ocean_star,as23@oceanstarsz.com,WHL USD2250/2250 ETD17-Jul,FW_ Update rate from China To India - Ocean Star_2.eml
2026-07-03,QINGDAO,NHAVA SHEVA,2250,2350,ocean_star,as23@oceanstarsz.com,ESL USD2250/2350 ETD12-Jul,FW_ Update rate from China To India - Ocean Star_2.eml
2026-07-03,QINGDAO,NHAVA SHEVA,2400,2400,ocean_star,as23@oceanstarsz.com,EMC USD2400/2400 ETD13-Jul,FW_ Update rate from China To India - Ocean Star_2.eml
2026-07-03,QINGDAO,NHAVA SHEVA,,2400,ocean_star,as23@oceanstarsz.com,ONE USD2400/40HQ ETD13-Jul,FW_ Update rate from China To India - Ocean Star_2.eml
2026-07-03,QINGDAO,NHAVA SHEVA,2500,2400,ocean_star,as23@oceanstarsz.com,COSCO USD2500/2400 ETD9/11-Jul,FW_ Update rate from China To India - Ocean Star_2.eml
2026-07-03,TIANJIN,NHAVA SHEVA,2300,2350,ocean_star,as23@oceanstarsz.com,PERMA USD2300/2350 ETD12/15-Jul,FW_ Update rate from China To India - Ocean Star_2.eml
2026-07-03,TIANJIN,NHAVA SHEVA,2300,2400,ocean_star,as23@oceanstarsz.com,EMC USD2300/2400 ETD10/13-Jul,FW_ Update rate from China To India - Ocean Star_2.eml
2026-07-03,TIANJIN,NHAVA SHEVA,2425,2425,ocean_star,as23@oceanstarsz.com,MSC USD2425/2425 ETD8-Jul,FW_ Update rate from China To India - Ocean Star_2.eml
2026-07-03,TIANJIN,NHAVA SHEVA,2400,2500,ocean_star,as23@oceanstarsz.com,KMTC USD2400/2500 Valid from 12-Jul to 18-Jul,FW_ Update rate from China To India - Ocean Star_2.eml
2026-07-03,TIANJIN,NHAVA SHEVA,2200,2300,ocean_star,as23@oceanstarsz.com,TSL USD2200/2300 ETD13/17-Jul,FW_ Update rate from China To India - Ocean Star_2.eml
2026-07-03,XIAMEN,NHAVA SHEVA,1825,1900,ocean_star,as23@oceanstarsz.com,ESL USD1825/1900 ETD10-Jul,FW_ Update rate from China To India - Ocean Star_2.eml
2026-07-03,XIAMEN,NHAVA SHEVA,1850,1850,ocean_star,as23@oceanstarsz.com,COSCO USD1850/1850 ETD14-Jul,FW_ Update rate from China To India - Ocean Star_2.eml
2026-07-03,XIAMEN,NHAVA SHEVA,1825,1825,ocean_star,as23@oceanstarsz.com,OOCL USD1825/1825 ETD14-Jul,FW_ Update rate from China To India - Ocean Star_2.eml
2026-07-03,XIAMEN,NHAVA SHEVA,1850,1900,ocean_star,as23@oceanstarsz.com,EMC USD1850/1900 ETD10-Jul,FW_ Update rate from China To India - Ocean Star_2.eml
2026-07-03,DALIAN,NHAVA SHEVA,2425,2425,ocean_star,as23@oceanstarsz.com,MSC USD2425/2425 Valid from 6-Jul to 12-Jul,FW_ Update rate from China To India - Ocean Star_2.eml
2026-07-03,DALIAN,NHAVA SHEVA,2425,2430,ocean_star,as23@oceanstarsz.com,OOCL USD2425/2430 ETD7-Jul,FW_ Update rate from China To India - Ocean Star_2.eml
2026-07-03,DALIAN,NHAVA SHEVA,2450,2750,ocean_star,as23@oceanstarsz.com,RCL USD2450/2750 ETD7-Jul,FW_ Update rate from China To India - Ocean Star_2.eml
2026-07-03,DALIAN,NHAVA SHEVA,2325,2425,ocean_star,as23@oceanstarsz.com,EMC USD2325/2425 Valid from8-Jul to 14-Jul,FW_ Update rate from China To India - Ocean Star_2.eml
2026-07-03,DALIAN,NHAVA SHEVA,2325,2325,ocean_star,as23@oceanstarsz.com,WHL USD2325/2325 Valid from8-Jul to 15-Jul,FW_ Update rate from China To India - Ocean Star_2.eml
2026-07-03,DALIAN,NHAVA SHEVA,2300,2300,ocean_star,as23@oceanstarsz.com,HMM USD2300/2300 ETD15-Jul,FW_ Update rate from China To India - Ocean Star_2.eml
2026-07-03,DALIAN,NHAVA SHEVA,2450,2350,ocean_star,as23@oceanstarsz.com,CUL USD2450/2350 ETD12-Jul indirect,FW_ Update rate from China To India - Ocean Star_2.eml
2026-07-03,DALIAN,NHAVA SHEVA,2300,2300,ocean_star,as23@oceanstarsz.com,IAL USD2300/2300 ETD13-Jul indirect,FW_ Update rate from China To India - Ocean Star_2.eml
2026-07-03,SHENZHEN,KOLKATA,1650,1950,ocean_star,as23@oceanstarsz.com,RCL USD1650/1950  ETD17-JUL,FW_ Update rate from China To India - Ocean Star_2.eml
2026-07-03,SHENZHEN,KOLKATA,1850,2350,ocean_star,as23@oceanstarsz.com,WHL USD1850/2350 ETD15-JUL,FW_ Update rate from China To India - Ocean Star_2.eml
2026-07-03,SHENZHEN,KOLKATA,2050,3050,ocean_star,as23@oceanstarsz.com,PIL USD2050/3050 ETD11-JUL,FW_ Update rate from China To India - Ocean Star_2.eml
2026-07-03,SHENZHEN,KOLKATA,2475,3100,ocean_star,as23@oceanstarsz.com,SITC USD2475/3100 ETD06-JUL,FW_ Update rate from China To India - Ocean Star_2.eml
2026-07-03,SHENZHEN,KOLKATA,2050,2050,ocean_star,as23@oceanstarsz.com,MSC USD2050/2050 Rate valid till 12TH JUL,FW_ Update rate from China To India - Ocean Star_2.eml
2026-07-03,SHENZHEN,KOLKATA,1650,1850,ocean_star,as23@oceanstarsz.com,ONE USD1650/1850  Rate valid till 14TH JUL,FW_ Update rate from China To India - Ocean Star_2.eml
2026-07-03,SHENZHEN,KOLKATA,1950,1950,ocean_star,as23@oceanstarsz.com,COSCO USD1950/1950 Rate valid till 14TH JUL,FW_ Update rate from China To India - Ocean Star_2.eml
2026-07-03,NANSHA,KOLKATA,1750,1950,ocean_star,as23@oceanstarsz.com,ONE USD1750/1950  Rate valid till 14TH JUL,FW_ Update rate from China To India - Ocean Star_2.eml
2026-07-03,NANSHA,KOLKATA,2050,2050,ocean_star,as23@oceanstarsz.com,MSC USD2050/2050 Rate valid till 12TH JUL,FW_ Update rate from China To India - Ocean Star_2.eml
2026-07-03,NANSHA,KOLKATA,1950,1950,ocean_star,as23@oceanstarsz.com,COSCO USD1950/1950 Rate valid till 14TH JUL,FW_ Update rate from China To India - Ocean Star_2.eml
2026-07-03,NANSHA,KOLKATA,1750,2250,ocean_star,as23@oceanstarsz.com,RCL USD1750/2250 ETD10-JUL,FW_ Update rate from China To India - Ocean Star_2.eml
2026-07-03,NINGBO,KOLKATA,1900,2150,ocean_star,as23@oceanstarsz.com,PIL USD1900/2150 ETD07-JUL,FW_ Update rate from China To India - Ocean Star_2.eml
2026-07-03,NINGBO,KOLKATA,1650,1750,ocean_star,as23@oceanstarsz.com,YIAL USD1650/1750 ETD10-JUL,FW_ Update rate from China To India - Ocean Star_2.eml
2026-07-03,NINGBO,KOLKATA,2050,2050,ocean_star,as23@oceanstarsz.com,ONE USD2050/2050 ETD10-JUL,FW_ Update rate from China To India - Ocean Star_2.eml
2026-07-03,NINGBO,KOLKATA,2175,2550,ocean_star,as23@oceanstarsz.com,SITC USD2175/2550 ETD12-JUL,FW_ Update rate from China To India - Ocean Star_2.eml
2026-07-03,NINGBO,KOLKATA,1450,2350,ocean_star,as23@oceanstarsz.com,WHL USD1450/2350 ETD11/12/13-JUL,FW_ Update rate from China To India - Ocean Star_2.eml
2026-07-03,SHANGHAI,KOLKATA,1600,2150,ocean_star,as23@oceanstarsz.com,RCL USD1600/2150 ETD09/11-JUL,FW_ Update rate from China To India - Ocean Star_2.eml
2026-07-03,SHANGHAI,KOLKATA,2050,2050,ocean_star,as23@oceanstarsz.com,MSC USD2050/2050 ETD08-JUL,FW_ Update rate from China To India - Ocean Star_2.eml
2026-07-03,SHANGHAI,KOLKATA,1600,2350,ocean_star,as23@oceanstarsz.com,WHL USD1600/2350 ETD08-JUL,FW_ Update rate from China To India - Ocean Star_2.eml
2026-07-03,SHANGHAI,KOLKATA,1775,2300,ocean_star,as23@oceanstarsz.com,PIL USD1775/2300 ETD14-JUL,FW_ Update rate from China To India - Ocean Star_2.eml
2026-07-03,SHANGHAI,KOLKATA,2450,3200,ocean_star,as23@oceanstarsz.com,SITC USD2450/3200 ETD15-JUL,FW_ Update rate from China To India - Ocean Star_2.eml
2026-07-03,XIAMEN,KOLKATA,1800,2050,ocean_star,as23@oceanstarsz.com,RCL USD1800/2050 ETD14-JUL,FW_ Update rate from China To India - Ocean Star_2.eml
2026-07-03,XIAMEN,KOLKATA,1750,2550,ocean_star,as23@oceanstarsz.com,PIL USD1750/2550 ETD11-JUL,FW_ Update rate from China To India - Ocean Star_2.eml
2026-07-03,XIAMEN,KOLKATA,2100,2100,ocean_star,as23@oceanstarsz.com,MSC USD2100/2100 ETD12-JUL,FW_ Update rate from China To India - Ocean Star_2.eml
2026-07-03,QINGDAO,KOLKATA,2300,2300,ocean_star,as23@oceanstarsz.com,MSC USD2300/2300 ETD09-JUL,FW_ Update rate from China To India - Ocean Star_2.eml
2026-07-03,QINGDAO,KOLKATA,2400,2700,ocean_star,as23@oceanstarsz.com,"SITC USD2400/2700  ETD07-JUL,20GP/40HQ over 20.9T+100/100",FW_ Update rate from China To India - Ocean Star_2.eml
2026-07-03,QINGDAO,KOLKATA,2350,2650,ocean_star,as23@oceanstarsz.com,WHL USD2350/2650 ETD17-JUL,FW_ Update rate from China To India - Ocean Star_2.eml
2026-07-03,TIANJIN,KOLKATA,2300,2300,ocean_star,as23@oceanstarsz.com,MSC USD2300/2300 ETD08-JUL,FW_ Update rate from China To India - Ocean Star_2.eml
2026-07-03,TIANJIN,KOLKATA,2350,2450,ocean_star,as23@oceanstarsz.com,RCL USD2350/2450 ETD05-JUL,FW_ Update rate from China To India - Ocean Star_2.eml
2026-07-03,TIANJIN,KOLKATA,2200,2200,ocean_star,as23@oceanstarsz.com,COSCO USD2200/2200 ETD10-JUL,FW_ Update rate from China To India - Ocean Star_2.eml
2026-07-03,TIANJIN,KOLKATA,2350,2550,ocean_star,as23@oceanstarsz.com,"SITC USD2350/2550 ETD05-JUL,40HQ over 24.9+OWS100",FW_ Update rate from China To India - Ocean Star_2.eml
2026-07-03,DALIAN,KOLKATA,2300,2300,ocean_star,as23@oceanstarsz.com,MSC USD2300/2300 ETD07-JUL,FW_ Update rate from China To India - Ocean Star_2.eml
2026-07-03,DALIAN,KOLKATA,2300,2300,ocean_star,as23@oceanstarsz.com,IAL USD2300/2300 ETD13-JUL,FW_ Update rate from China To India - Ocean Star_2.eml
2026-07-03,DALIAN,KOLKATA,1650,1850,ocean_star,as23@oceanstarsz.com,ONE via pip USD1650/1850 ETD 12-JULY,FW_ Update rate from China To India - Ocean Star_2.eml
2026-07-03,DALIAN,KOLKATA,1830,1850,ocean_star,as23@oceanstarsz.com,ZIM via mun USD1830/1850 ETD 16-JULY(DCB),FW_ Update rate from China To India - Ocean Star_2.eml
2026-07-03,DALIAN,KOLKATA,1900,1900,ocean_star,as23@oceanstarsz.com,COSCO via pip USD1900/1900 ETD 13-JULY,FW_ Update rate from China To India - Ocean Star_2.eml
2026-07-03,DALIAN,KOLKATA,1800,1900,ocean_star,as23@oceanstarsz.com,ESL via mun USD1800/1900 ETD 14-JULY(DCB),FW_ Update rate from China To India - Ocean Star_2.eml
2026-07-03,DALIAN,KOLKATA,2200,2200,ocean_star,as23@oceanstarsz.com,MSC via mun USD2200/2200 ETD 11-JULY,FW_ Update rate from China To India - Ocean Star_2.eml
2026-07-03,DALIAN,KOLKATA,2000,2000,ocean_star,as23@oceanstarsz.com,MSC via mun USD2000/2000 ETD 16-JULY,FW_ Update rate from China To India - Ocean Star_2.eml
2026-07-03,DALIAN,KOLKATA,1960,1960,ocean_star,as23@oceanstarsz.com,HMM via pip USD1960/1960 ETD 12-JULY,FW_ Update rate from China To India - Ocean Star_2.eml
2026-07-03,DALIAN,KOLKATA,2760,2960,ocean_star,as23@oceanstarsz.com,"HMM via pip  USD2760/2960 ETD 12-JULY.ihc prepaid .(ICD TKD, Dadri, PIYALA, FARIDABAD)",FW_ Update rate from China To India - Ocean Star_2.eml
2026-07-03,DALIAN,KOLKATA,1800,1900,ocean_star,as23@oceanstarsz.com,ESL via mun USD1800/1900 ETD 13-JULY,FW_ Update rate from China To India - Ocean Star_2.eml
2026-07-03,DALIAN,KOLKATA,1930,2000,ocean_star,as23@oceanstarsz.com,ZIM via mun USD1930/2000 VALID 08-17 JULY,FW_ Update rate from China To India - Ocean Star_2.eml
2026-07-03,DALIAN,KOLKATA,1750,1950,ocean_star,as23@oceanstarsz.com,ONE via pip USD1750/1950 VALID 06-14 JULY,FW_ Update rate from China To India - Ocean Star_2.eml
2026-07-03,DALIAN,KOLKATA,1900,1900,ocean_star,as23@oceanstarsz.com,COSCO via mun USD1900/1900 ETD 10-JULY,FW_ Update rate from China To India - Ocean Star_2.eml
2026-07-03,DALIAN,KOLKATA,1900,1900,ocean_star,as23@oceanstarsz.com,ESL via mun USD1900/1900 ETD 10-JULY,FW_ Update rate from China To India - Ocean Star_2.eml
2026-07-03,DALIAN,KOLKATA,2050,2050,ocean_star,as23@oceanstarsz.com,MSC via mun USD2050/2050 ETD 12-JULY,FW_ Update rate from China To India - Ocean Star_2.eml
2026-07-03,DALIAN,KOLKATA,1825,1825,ocean_star,as23@oceanstarsz.com,OOCL via pip USD1825/1825 ETD 14-JULY,FW_ Update rate from China To India - Ocean Star_2.eml
2026-07-03,DALIAN,KOLKATA,1875,1875,ocean_star,as23@oceanstarsz.com,COSCO via pip USD1875/1875 ETD 14-JULY,FW_ Update rate from China To India - Ocean Star_2.eml
2026-07-03,DALIAN,KOLKATA,1900,1900,ocean_star,as23@oceanstarsz.com,MSC via mun USD1900/1900 ETD 13-JULY,FW_ Update rate from China To India - Ocean Star_2.eml
2026-07-03,DALIAN,KOLKATA,1900,1900,ocean_star,as23@oceanstarsz.com,ZIM via mun USD1900/1900 ETD 13-JULY,FW_ Update rate from China To India - Ocean Star_2.eml
2026-07-03,DALIAN,KOLKATA,2100,2100,ocean_star,as23@oceanstarsz.com,COSCO via mun USD2100/2100 ETD 09-JULY,FW_ Update rate from China To India - Ocean Star_2.eml
2026-07-03,DALIAN,KOLKATA,1800,2000,ocean_star,as23@oceanstarsz.com,OOCL via mun USD1800/2000 ETD 09-JULY,FW_ Update rate from China To India - Ocean Star_2.eml
2026-07-03,DALIAN,KOLKATA,1850,1900,ocean_star,as23@oceanstarsz.com,PERMA via mun USD1850/1900 ETD 12-JULY,FW_ Update rate from China To India - Ocean Star_2.eml
2026-07-03,DALIAN,KOLKATA,1950,1950,ocean_star,as23@oceanstarsz.com,ESL via mun USD1950/1950 ETD 15-JULY,FW_ Update rate from China To India - Ocean Star_2.eml
2026-07-03,DALIAN,KOLKATA,1950,2100,ocean_star,as23@oceanstarsz.com,PERMA via mun USD1950/2100 ETD 08/09-JULY,FW_ Update rate from China To India - Ocean Star_2.eml
2026-07-03,DALIAN,KOLKATA,1900,2000,ocean_star,as23@oceanstarsz.com,ZIM via mun USD1900/2000 ETD 11-JULY,FW_ Update rate from China To India - Ocean Star_2.eml
2026-07-03,DALIAN,KOLKATA,2000,2000,ocean_star,as23@oceanstarsz.com,MSC via mun USD2000/2000 ETD 12-JULY,FW_ Update rate from China To India - Ocean Star_2.eml
2026-07-03,DALIAN,KOLKATA,,3314,ocean_star,as23@oceanstarsz.com,CMA via pip/mun USD3314/40HQ ETD 11-JULY.ihc prepaid,FW_ Update rate from China To India - Ocean Star_2.eml
2026-07-03,DALIAN,KOLKATA,150,150,ocean_star,as23@oceanstarsz.com,"INPPG/INMUZ/INPGH/INSH1,offer+USD150/150 on top above ICD allin rate",FW_ Update rate from China To India - Ocean Star_2.eml
2026-07-03,DALIAN,KOLKATA,2250,2200,ocean_star,as23@oceanstarsz.com,PERMA via mun USD2250/2200 ETD 14/17-JULY,FW_ Update rate from China To India - Ocean Star_2.eml
2026-07-03,DALIAN,KOLKATA,2250,2300,ocean_star,as23@oceanstarsz.com,ESL via mun USD2250/2300 ETD 12-JULY,FW_ Update rate from China To India - Ocean Star_2.eml
2026-07-03,DALIAN,KOLKATA,,2400,ocean_star,as23@oceanstarsz.com,ONE via mun USD2400/40HQ ETD 13-JULY,FW_ Update rate from China To India - Ocean Star_2.eml
2026-07-03,DALIAN,KOLKATA,2450,2450,ocean_star,as23@oceanstarsz.com,MSC via mun USD2450/2450 ETD 12-JULY,FW_ Update rate from China To India - Ocean Star_2.eml
2026-07-03,DALIAN,KOLKATA,2600,2500,ocean_star,as23@oceanstarsz.com,COSCO via mun USD2600/2500 ETD 11-JULY,FW_ Update rate from China To India - Ocean Star_2.eml
2026-07-03,DALIAN,KOLKATA,2300,2350,ocean_star,as23@oceanstarsz.com,PERMA via mun USD2300/2350 ETD 12/15-JULY,FW_ Update rate from China To India - Ocean Star_2.eml
2026-07-03,DALIAN,KOLKATA,2425,2425,ocean_star,as23@oceanstarsz.com,MSC via mun USD2425/2425 ETD 08-JULY,FW_ Update rate from China To India - Ocean Star_2.eml
2026-07-03,DALIAN,KOLKATA,2425,2425,ocean_star,as23@oceanstarsz.com,MSC via mun USD2425/2425 ETD 07-JULY,FW_ Update rate from China To India - Ocean Star_2.eml
2026-07-08,SHENZHEN,NHAVA SHEVA,1750,1800,ocean_star,as23@oceanstarsz.com,EMC USD1750/1800 CLS9/10/11/12/15/16-Jul,FW_ Update rate from China To India - Ocean Star_3.eml
2026-07-08,SHENZHEN,NHAVA SHEVA,1700,1700,ocean_star,as23@oceanstarsz.com,WHL USD1700/1700 CLS11/13/17-Jul,FW_ Update rate from China To India - Ocean Star_3.eml
2026-07-08,SHENZHEN,NHAVA SHEVA,1700,1800,ocean_star,as23@oceanstarsz.com,ESL USD1700/1800 ETD20-Jul 10days free time,FW_ Update rate from China To India - Ocean Star_3.eml
2026-07-08,SHENZHEN,NHAVA SHEVA,1700,1800,ocean_star,as23@oceanstarsz.com,KMTC USD1700/1800 ETD15/18/19-Jul,FW_ Update rate from China To India - Ocean Star_3.eml
2026-07-08,SHENZHEN,NHAVA SHEVA,1650,1850,ocean_star,as23@oceanstarsz.com,ONE USD1650/1850 CLS10-Jul,FW_ Update rate from China To India - Ocean Star_3.eml
2026-07-08,SHENZHEN,NHAVA SHEVA,1650,1650,ocean_star,as23@oceanstarsz.com,IAL USD1650/1650 CLS12/13/17/18-Jul,FW_ Update rate from China To India - Ocean Star_3.eml
2026-07-08,SHENZHEN,NHAVA SHEVA,1700,1700,ocean_star,as23@oceanstarsz.com,RCL USD1700/1700 CLS18-Jul,FW_ Update rate from China To India - Ocean Star_3.eml
2026-07-08,SHENZHEN,NHAVA SHEVA,1371,1860,ocean_star,as23@oceanstarsz.com,HPL USD1371/1860 ETD15-Jul,FW_ Update rate from China To India - Ocean Star_3.eml
2026-07-08,SHENZHEN,NHAVA SHEVA,1600,1700,ocean_star,as23@oceanstarsz.com,TSL USD1600/1700 CLS12/15/16-Jul,FW_ Update rate from China To India - Ocean Star_3.eml
2026-07-08,SHENZHEN,NHAVA SHEVA,2000,2000,ocean_star,as23@oceanstarsz.com,MSC USD2000/2000 CLS14-Jul,FW_ Update rate from China To India - Ocean Star_3.eml
2026-07-08,SHENZHEN,NHAVA SHEVA,1800,1800,ocean_star,as23@oceanstarsz.com,COSCO USD1800/1800 CLS11-Jul,FW_ Update rate from China To India - Ocean Star_3.eml
2026-07-08,SHENZHEN,NHAVA SHEVA,1930,1850,ocean_star,as23@oceanstarsz.com,ZIM USD1930/1850 CLS15-Jul,FW_ Update rate from China To India - Ocean Star_3.eml
2026-07-08,SHENZHEN,NHAVA SHEVA,1600,1600,ocean_star,as23@oceanstarsz.com,ZHONGGU USD1600/1600 CLS15-Jul,FW_ Update rate from China To India - Ocean Star_3.eml
2026-07-08,NANSHA,NHAVA SHEVA,700,1800,ocean_star,as23@oceanstarsz.com,ESL USD700/1800 ETD19-Jul 10days free time,FW_ Update rate from China To India - Ocean Star_3.eml
2026-07-08,NANSHA,NHAVA SHEVA,2000,2000,ocean_star,as23@oceanstarsz.com,RCL USD2000/2000 ETD16-Jul,FW_ Update rate from China To India - Ocean Star_3.eml
2026-07-08,NANSHA,NHAVA SHEVA,1850,1900,ocean_star,as23@oceanstarsz.com,EMC USD1850/1900 CLS9-Jul,FW_ Update rate from China To India - Ocean Star_3.eml
2026-07-08,NANSHA,NHAVA SHEVA,2200,2200,ocean_star,as23@oceanstarsz.com,IAL USD2200/2200 CLS17-Jul,FW_ Update rate from China To India - Ocean Star_3.eml
2026-07-08,NANSHA,NHAVA SHEVA,2100,2100,ocean_star,as23@oceanstarsz.com,WHL USD2100/2100 ETD12-Jul,FW_ Update rate from China To India - Ocean Star_3.eml
2026-07-08,NINGBO,NHAVA SHEVA,1900,1900,ocean_star,as23@oceanstarsz.com,IAL USD1900/1900 ETD15-Jul,FW_ Update rate from China To India - Ocean Star_3.eml
2026-07-08,NINGBO,NHAVA SHEVA,1800,1800,ocean_star,as23@oceanstarsz.com,IAL USD1800/1800 ETD19/24-Jul,FW_ Update rate from China To India - Ocean Star_3.eml
2026-07-08,NINGBO,NHAVA SHEVA,1750,1850,ocean_star,as23@oceanstarsz.com,BWL USD1750/1850 ETD15/17-Jul,FW_ Update rate from China To India - Ocean Star_3.eml
2026-07-08,NINGBO,NHAVA SHEVA,1800,1900,ocean_star,as23@oceanstarsz.com,PERMA USD1800/1900 ETD12-Jul,FW_ Update rate from China To India - Ocean Star_3.eml
2026-07-08,NINGBO,NHAVA SHEVA,1950,1950,ocean_star,as23@oceanstarsz.com,RCL USD1950/1950 ETD17-Jul,FW_ Update rate from China To India - Ocean Star_3.eml
2026-07-08,NINGBO,NHAVA SHEVA,1800,1800,ocean_star,as23@oceanstarsz.com,EMC USD1800/1800 ETD20-Jul,FW_ Update rate from China To India - Ocean Star_3.eml
2026-07-08,NINGBO,NHAVA SHEVA,2000,2000,ocean_star,as23@oceanstarsz.com,ONE USD2000/2000 ETD11-Jul,FW_ Update rate from China To India - Ocean Star_3.eml
2026-07-08,NINGBO,NHAVA SHEVA,1900,1900,ocean_star,as23@oceanstarsz.com,WHL USD1900/1900 ETD14/21-Jul,FW_ Update rate from China To India - Ocean Star_3.eml
2026-07-08,NINGBO,NHAVA SHEVA,1800,1900,ocean_star,as23@oceanstarsz.com,OOCL USD1800/1900 ETD17/20-Jul,FW_ Update rate from China To India - Ocean Star_3.eml
2026-07-08,NINGBO,NHAVA SHEVA,1750,1850,ocean_star,as23@oceanstarsz.com,TSL USD1750/1850 ETD12-Jul,FW_ Update rate from China To India - Ocean Star_3.eml
2026-07-08,NINGBO,NHAVA SHEVA,1900,1900,ocean_star,as23@oceanstarsz.com,PIL USD1900/1900 ETD14-Jul,FW_ Update rate from China To India - Ocean Star_3.eml
2026-07-08,NINGBO,NHAVA SHEVA,1900,1900,ocean_star,as23@oceanstarsz.com,MSC USD1900/1900 ETD13-Jul,FW_ Update rate from China To India - Ocean Star_3.eml
2026-07-08,NINGBO,NHAVA SHEVA,1900,1900,ocean_star,as23@oceanstarsz.com,ZIM USD1900/1900 ETD14-Jul,FW_ Update rate from China To India - Ocean Star_3.eml
2026-07-08,NINGBO,NHAVA SHEVA,1960,1960,ocean_star,as23@oceanstarsz.com,HMM USD1960/1960 ETD14-Jul,FW_ Update rate from China To India - Ocean Star_3.eml
2026-07-08,NINGBO,NHAVA SHEVA,1950,1950,ocean_star,as23@oceanstarsz.com,ESL USD1950/1950 ETD15-Jul 10days free time,FW_ Update rate from China To India - Ocean Star_3.eml
2026-07-08,SHANGHAI,NHAVA SHEVA,1800,1800,ocean_star,as23@oceanstarsz.com,MSC USD1800/1800 ETD14-Jul,FW_ Update rate from China To India - Ocean Star_3.eml
2026-07-08,SHANGHAI,NHAVA SHEVA,1800,2000,ocean_star,as23@oceanstarsz.com,PERMA USD1800/2000 ETD18-Jul,FW_ Update rate from China To India - Ocean Star_3.eml
2026-07-08,SHANGHAI,NHAVA SHEVA,1850,1925,ocean_star,as23@oceanstarsz.com,IAL USD1850/1925 ETD18-Jul,FW_ Update rate from China To India - Ocean Star_3.eml
2026-07-08,SHANGHAI,NHAVA SHEVA,1850,1850,ocean_star,as23@oceanstarsz.com,HAL USD1850/1850 ETD20-Jul,FW_ Update rate from China To India - Ocean Star_3.eml
2026-07-08,SHANGHAI,NHAVA SHEVA,2025,2150,ocean_star,as23@oceanstarsz.com,ESL USD2025/2150 ETD17-Jul,FW_ Update rate from China To India - Ocean Star_3.eml
2026-07-08,SHANGHAI,NHAVA SHEVA,1950,2050,ocean_star,as23@oceanstarsz.com,RCL USD1950/2050 ETD14-Jul,FW_ Update rate from China To India - Ocean Star_3.eml
2026-07-08,SHANGHAI,NHAVA SHEVA,2050,2000,ocean_star,as23@oceanstarsz.com,PIL USD2050/2000 ETD12-Jul,FW_ Update rate from China To India - Ocean Star_3.eml
2026-07-08,SHANGHAI,NHAVA SHEVA,1900,1900,ocean_star,as23@oceanstarsz.com,YML USD1900/1900 ETD14-Jul,FW_ Update rate from China To India - Ocean Star_3.eml
2026-07-08,SHANGHAI,NHAVA SHEVA,1850,1950,ocean_star,as23@oceanstarsz.com,EMC USD1850/1950 ETD10-Jul,FW_ Update rate from China To India - Ocean Star_3.eml
2026-07-08,SHANGHAI,NHAVA SHEVA,1935,1960,ocean_star,as23@oceanstarsz.com,OOCL USD1935/1960ETD12/15-Jul,FW_ Update rate from China To India - Ocean Star_3.eml
2026-07-08,SHANGHAI,NHAVA SHEVA,1835,1860,ocean_star,as23@oceanstarsz.com,OOCL USD1835/1860 ETD19-Jul,FW_ Update rate from China To India - Ocean Star_3.eml
2026-07-08,SHANGHAI,NHAVA SHEVA,1900,1950,ocean_star,as23@oceanstarsz.com,ONE USD1900/1950 Valid from 6-Jul to 14-Jul,FW_ Update rate from China To India - Ocean Star_3.eml
2026-07-08,SHANGHAI,NHAVA SHEVA,1925,2050,ocean_star,as23@oceanstarsz.com,KMTC USD1925/2050 ETD10/11-Jul,FW_ Update rate from China To India - Ocean Star_3.eml
2026-07-08,SHANGHAI,NHAVA SHEVA,2000,2000,ocean_star,as23@oceanstarsz.com,WHL USD2000/2000 ETD14/20/23-Jul,FW_ Update rate from China To India - Ocean Star_3.eml
2026-07-08,QINGDAO,NHAVA SHEVA,2425,2425,ocean_star,as23@oceanstarsz.com,MSC USD2425/2425 ETD12-Jul,FW_ Update rate from China To India - Ocean Star_3.eml
2026-07-08,QINGDAO,NHAVA SHEVA,2300,2250,ocean_star,as23@oceanstarsz.com,PERMA USD2300/2250 ETD14/17-Jul,FW_ Update rate from China To India - Ocean Star_3.eml
2026-07-08,QINGDAO,NHAVA SHEVA,2300,2250,ocean_star,as23@oceanstarsz.com,BWL USD2300/2250 ETD14/17-Jul,FW_ Update rate from China To India - Ocean Star_3.eml
2026-07-08,QINGDAO,NHAVA SHEVA,2200,2200,ocean_star,as23@oceanstarsz.com,WHL USD2200/2200 ETD17-Jul,FW_ Update rate from China To India - Ocean Star_3.eml
2026-07-08,QINGDAO,NHAVA SHEVA,2000,2200,ocean_star,as23@oceanstarsz.com,SNG USD2000/2200 ETD14-Jul,FW_ Update rate from China To India - Ocean Star_3.eml
2026-07-08,QINGDAO,NHAVA SHEVA,2300,2200,ocean_star,as23@oceanstarsz.com,COSCO USD2300/2200 ETD16/21-Jul,FW_ Update rate from China To India - Ocean Star_3.eml
2026-07-08,QINGDAO,NHAVA SHEVA,2150,2250,ocean_star,as23@oceanstarsz.com,ESL USD2150/2250 ETD14-Jul,FW_ Update rate from China To India - Ocean Star_3.eml
2026-07-08,QINGDAO,NHAVA SHEVA,,2350,ocean_star,as23@oceanstarsz.com,ONE USD2350/40HQ ETD15/20-Jul,FW_ Update rate from China To India - Ocean Star_3.eml
2026-07-08,TIANJIN,NHAVA SHEVA,2300,2350,ocean_star,as23@oceanstarsz.com,PERMA USD2300/2350 ETD12/15-Jul,FW_ Update rate from China To India - Ocean Star_3.eml
2026-07-08,TIANJIN,NHAVA SHEVA,2100,2150,ocean_star,as23@oceanstarsz.com,EMC USD2100/2150 ETD18/21-Jul,FW_ Update rate from China To India - Ocean Star_3.eml
2026-07-08,TIANJIN,NHAVA SHEVA,2225,2225,ocean_star,as23@oceanstarsz.com,MSC USD2225/2225 ETD15-Jul,FW_ Update rate from China To India - Ocean Star_3.eml
2026-07-08,TIANJIN,NHAVA SHEVA,2100,2450,ocean_star,as23@oceanstarsz.com,ESL USD2100/2450 ETD17/21-Jul,FW_ Update rate from China To India - Ocean Star_3.eml
2026-07-08,TIANJIN,NHAVA SHEVA,2400,2500,ocean_star,as23@oceanstarsz.com,KMTC USD2400/2500 Valid from 12-Jul to 18-Jul,FW_ Update rate from China To India - Ocean Star_3.eml
2026-07-08,TIANJIN,NHAVA SHEVA,2100,2200,ocean_star,as23@oceanstarsz.com,TSL USD2100/2200 ETD17-Jul,FW_ Update rate from China To India - Ocean Star_3.eml
2026-07-08,XIAMEN,NHAVA SHEVA,1750,1750,ocean_star,as23@oceanstarsz.com,ESL USD1750/1750 ETD18-Jul,FW_ Update rate from China To India - Ocean Star_3.eml
2026-07-08,XIAMEN,NHAVA SHEVA,1850,1850,ocean_star,as23@oceanstarsz.com,COSCO USD1850/1850 ETD14-Jul,FW_ Update rate from China To India - Ocean Star_3.eml
2026-07-08,XIAMEN,NHAVA SHEVA,1800,1800,ocean_star,as23@oceanstarsz.com,OOCL USD1800/1800 ETD14-Jul,FW_ Update rate from China To India - Ocean Star_3.eml
2026-07-08,XIAMEN,NHAVA SHEVA,1700,1700,ocean_star,as23@oceanstarsz.com,EMC USD1700/1700 ETD17-Jul,FW_ Update rate from China To India - Ocean Star_3.eml
2026-07-08,XIAMEN,NHAVA SHEVA,1850,1850,ocean_star,as23@oceanstarsz.com,MSC USD1850/1850 ETD17/19-Jul,FW_ Update rate from China To India - Ocean Star_3.eml
2026-07-08,DALIAN,NHAVA SHEVA,2225,2225,ocean_star,as23@oceanstarsz.com,MSC USD2225/2225 Valid from13-Jul to 19-Jul,FW_ Update rate from China To India - Ocean Star_3.eml
2026-07-08,DALIAN,NHAVA SHEVA,2325,2425,ocean_star,as23@oceanstarsz.com,EMC USD2325/2425 Valid from8-Jul to 14-Jul,FW_ Update rate from China To India - Ocean Star_3.eml
2026-07-08,DALIAN,NHAVA SHEVA,2325,2325,ocean_star,as23@oceanstarsz.com,WHL USD2325/2325 Valid from8-Jul to 15-Jul,FW_ Update rate from China To India - Ocean Star_3.eml
2026-07-08,DALIAN,NHAVA SHEVA,2300,2300,ocean_star,as23@oceanstarsz.com,HMM USD2300/2300 ETD15-Jul,FW_ Update rate from China To India - Ocean Star_3.eml
2026-07-08,DALIAN,NHAVA SHEVA,2100,2100,ocean_star,as23@oceanstarsz.com,IAL USD2100/2100 ETD20-Jul indirect,FW_ Update rate from China To India - Ocean Star_3.eml
2026-07-08,DALIAN,NHAVA SHEVA,1650,1850,ocean_star,as23@oceanstarsz.com,ONE via pip USD1650/1850 ETD 12-JULY,FW_ Update rate from China To India - Ocean Star_3.eml
2026-07-08,DALIAN,NHAVA SHEVA,1930,1850,ocean_star,as23@oceanstarsz.com,ZIM via mun USD1930/1850 ETD 16-JULY(DCB),FW_ Update rate from China To India - Ocean Star_3.eml
2026-07-08,DALIAN,NHAVA SHEVA,1800,1800,ocean_star,as23@oceanstarsz.com,COSCO via pip USD1800/1800 ETD 13-JULY,FW_ Update rate from China To India - Ocean Star_3.eml
2026-07-08,DALIAN,NHAVA SHEVA,1700,1800,ocean_star,as23@oceanstarsz.com,ESL via mun USD1700/1800 ETD 20-JULY(DCB),FW_ Update rate from China To India - Ocean Star_3.eml
2026-07-08,DALIAN,NHAVA SHEVA,2000,2000,ocean_star,as23@oceanstarsz.com,MSC via mun USD2000/2000 ETD 19-JULY,FW_ Update rate from China To India - Ocean Star_3.eml
2026-07-08,DALIAN,NHAVA SHEVA,1960,1960,ocean_star,as23@oceanstarsz.com,HMM via pip USD1960/1960 ETD 12-JULY,FW_ Update rate from China To India - Ocean Star_3.eml
2026-07-08,DALIAN,NHAVA SHEVA,2630,2830,ocean_star,as23@oceanstarsz.com,"HMM via pip  USD2630/2830 ETD 12-JULY.ihc prepaid .(ICD TKD, Dadri, PIYALA, FARIDABAD)",FW_ Update rate from China To India - Ocean Star_3.eml
2026-07-08,DALIAN,NHAVA SHEVA,1700,1800,ocean_star,as23@oceanstarsz.com,ESL via mun USD1700/1800 ETD 13-JULY,FW_ Update rate from China To India - Ocean Star_3.eml
2026-07-08,DALIAN,NHAVA SHEVA,1930,2000,ocean_star,as23@oceanstarsz.com,ZIM via mun USD1930/2000 VALID 08-17 JULY,FW_ Update rate from China To India - Ocean Star_3.eml
2026-07-08,DALIAN,NHAVA SHEVA,1750,1950,ocean_star,as23@oceanstarsz.com,ONE via pip USD1750/1950 VALID 06-14 JULY,FW_ Update rate from China To India - Ocean Star_3.eml
2026-07-08,DALIAN,NHAVA SHEVA,1900,1900,ocean_star,as23@oceanstarsz.com,COSCO via mun USD1900/1900 ETD 10-JULY,FW_ Update rate from China To India - Ocean Star_3.eml
2026-07-08,DALIAN,NHAVA SHEVA,1750,1750,ocean_star,as23@oceanstarsz.com,ESL via mun USD1750/1750 ETD 18-JULY,FW_ Update rate from China To India - Ocean Star_3.eml
2026-07-08,DALIAN,NHAVA SHEVA,1850,1850,ocean_star,as23@oceanstarsz.com,MSC via mun USD1850/1850 ETD 17/19-JULY,FW_ Update rate from China To India - Ocean Star_3.eml
2026-07-08,DALIAN,NHAVA SHEVA,1800,1800,ocean_star,as23@oceanstarsz.com,OOCL via pip USD1800/1800 ETD 14-JULY,FW_ Update rate from China To India - Ocean Star_3.eml
2026-07-08,DALIAN,NHAVA SHEVA,1850,1850,ocean_star,as23@oceanstarsz.com,COSCO via pip USD1850/1850 ETD 14-JULY,FW_ Update rate from China To India - Ocean Star_3.eml
2026-07-08,DALIAN,NHAVA SHEVA,1900,1900,ocean_star,as23@oceanstarsz.com,MSC via mun USD1900/1900 ETD 14-JULY,FW_ Update rate from China To India - Ocean Star_3.eml
2026-07-08,DALIAN,NHAVA SHEVA,1800,1800,ocean_star,as23@oceanstarsz.com,MSC via mun USD1800/1800 ETD 20-JULY,FW_ Update rate from China To India - Ocean Star_3.eml
2026-07-08,DALIAN,NHAVA SHEVA,1900,1900,ocean_star,as23@oceanstarsz.com,ZIM via mun USD1900/1900 ETD 13-JULY,FW_ Update rate from China To India - Ocean Star_3.eml
2026-07-08,DALIAN,NHAVA SHEVA,1800,1900,ocean_star,as23@oceanstarsz.com,PERMA via mun USD1800/1900 ETD 12-JULY,FW_ Update rate from China To India - Ocean Star_3.eml
2026-07-08,DALIAN,NHAVA SHEVA,1950,1950,ocean_star,as23@oceanstarsz.com,ESL via mun USD1950/1950 ETD 15-JULY,FW_ Update rate from China To India - Ocean Star_3.eml
2026-07-08,DALIAN,NHAVA SHEVA,1800,2000,ocean_star,as23@oceanstarsz.com,OOCL via mun USD1800/2000 ETD 17/20-JULY,FW_ Update rate from China To India - Ocean Star_3.eml
2026-07-08,DALIAN,NHAVA SHEVA,2025,2150,ocean_star,as23@oceanstarsz.com,ESL via mun USD2025/2150 ETD 17-JULY,FW_ Update rate from China To India - Ocean Star_3.eml
2026-07-08,DALIAN,NHAVA SHEVA,1850,2000,ocean_star,as23@oceanstarsz.com,PERMA via mun USD1850/2000 ETD 18-JULY,FW_ Update rate from China To India - Ocean Star_3.eml
2026-07-08,DALIAN,NHAVA SHEVA,1950,1950,ocean_star,as23@oceanstarsz.com,ONE via pip/mun USD1950/1950 ETD 14/19-JULY,FW_ Update rate from China To India - Ocean Star_3.eml
2026-07-08,DALIAN,NHAVA SHEVA,1835,1860,ocean_star,as23@oceanstarsz.com,OOCL via pip USD1835/1860 ETD 19-JULY(YANGSHAN),FW_ Update rate from China To India - Ocean Star_3.eml
2026-07-08,DALIAN,NHAVA SHEVA,2035,2060,ocean_star,as23@oceanstarsz.com,OOCL via mun USD2035/2060 ETD 15-JULY,FW_ Update rate from China To India - Ocean Star_3.eml
2026-07-08,DALIAN,NHAVA SHEVA,1935,1960,ocean_star,as23@oceanstarsz.com,OOCL via pip USD1935/1960 ETD 12-JULY,FW_ Update rate from China To India - Ocean Star_3.eml
2026-07-08,DALIAN,NHAVA SHEVA,2000,1950,ocean_star,as23@oceanstarsz.com,ZIM via mun USD2000/1950 ETD 15-JULY,FW_ Update rate from China To India - Ocean Star_3.eml
2026-07-08,DALIAN,NHAVA SHEVA,2000,2000,ocean_star,as23@oceanstarsz.com,MSC via mun USD2000/2000 ETD 13-JULY,FW_ Update rate from China To India - Ocean Star_3.eml
2026-07-08,DALIAN,NHAVA SHEVA,1800,1800,ocean_star,as23@oceanstarsz.com,MSC via mun USD1800/1800 ETD 17-JULY,FW_ Update rate from China To India - Ocean Star_3.eml
2026-07-08,DALIAN,NHAVA SHEVA,1910,1910,ocean_star,as23@oceanstarsz.com,HMM via pip USD1910/1910 ETD 14-JULY,FW_ Update rate from China To India - Ocean Star_3.eml
2026-07-08,DALIAN,NHAVA SHEVA,1960,1960,ocean_star,as23@oceanstarsz.com,HMM via mun USD1960/1960 ETD 14-JULY,FW_ Update rate from China To India - Ocean Star_3.eml
2026-07-08,DALIAN,NHAVA SHEVA,2250,2200,ocean_star,as23@oceanstarsz.com,PERMA via mun USD2250/2200 ETD 14/17-JULY,FW_ Update rate from China To India - Ocean Star_3.eml
2026-07-08,DALIAN,NHAVA SHEVA,2150,2250,ocean_star,as23@oceanstarsz.com,ESL via mun USD2150/2250 ETD 14-JULY,FW_ Update rate from China To India - Ocean Star_3.eml
2026-07-08,DALIAN,NHAVA SHEVA,,2400,ocean_star,as23@oceanstarsz.com,ONE via mun USD2400/40HQ ETD 13-JULY,FW_ Update rate from China To India - Ocean Star_3.eml
2026-07-08,DALIAN,NHAVA SHEVA,2400,2300,ocean_star,as23@oceanstarsz.com,COSCO via mun USD2400/2300 ETD 16/21-JULY,FW_ Update rate from China To India - Ocean Star_3.eml
2026-07-08,DALIAN,NHAVA SHEVA,2200,2200,ocean_star,as23@oceanstarsz.com,COSCO via mun USD2200/2200 ETD 18-JULY.indirect,FW_ Update rate from China To India - Ocean Star_3.eml
2026-07-08,DALIAN,NHAVA SHEVA,2225,2225,ocean_star,as23@oceanstarsz.com,MSC via mun USD2225/2225 ETD 13-JULY,FW_ Update rate from China To India - Ocean Star_3.eml
2026-07-08,DALIAN,NHAVA SHEVA,2300,2350,ocean_star,as23@oceanstarsz.com,PERMA via mun USD2300/2350 ETD 15-JULY,FW_ Update rate from China To India - Ocean Star_3.eml
2026-07-08,DALIAN,NHAVA SHEVA,2250,2250,ocean_star,as23@oceanstarsz.com,COSCO via mun USD2250/2250 ETD 15-JUNE,FW_ Update rate from China To India - Ocean Star_3.eml
2026-07-08,DALIAN,NHAVA SHEVA,2425,2425,ocean_star,as23@oceanstarsz.com,COSCO via mun USD2425/2425 ETD 14-JULY,FW_ Update rate from China To India - Ocean Star_3.eml
2026-07-08,DALIAN,NHAVA SHEVA,2225,2225,ocean_star,as23@oceanstarsz.com,MSC via mun USD2225/2225 ETD 14-JULY,FW_ Update rate from China To India - Ocean Star_3.eml
2026-07-08,SHEKOU,CHENNAI,,2200,ocean_star,as23@oceanstarsz.com,"COSCO USD2200/40HQ, CLS: 16-July",FW_ Update rate from China To India - Ocean Star_3.eml
2026-07-08,SHEKOU,CHENNAI,2100,2100,ocean_star,as23@oceanstarsz.com,"WHL USD2100/2100, CLS: 14/17-July",FW_ Update rate from China To India - Ocean Star_3.eml
2026-07-08,SHEKOU,CHENNAI,2200,2250,ocean_star,as23@oceanstarsz.com,"NAMSUNG USD2200/2250, CLS: 20-July",FW_ Update rate from China To India - Ocean Star_3.eml
2026-07-08,SHEKOU,CHENNAI,2300,2400,ocean_star,as23@oceanstarsz.com,"SJJ USD2300/2400, CLS: 18-July",FW_ Update rate from China To India - Ocean Star_3.eml
2026-07-08,SHEKOU,CHENNAI,2250,2450,ocean_star,as23@oceanstarsz.com,"KMTC USD2250/2450, CLS: 11-July",FW_ Update rate from China To India - Ocean Star_3.eml
2026-07-08,SHEKOU,CHENNAI,2300,2700,ocean_star,as23@oceanstarsz.com,"SKR USD2300/2700, CLS: 15-July",FW_ Update rate from China To India - Ocean Star_3.eml
2026-07-08,NANSHA,CHENNAI,1900,2000,ocean_star,as23@oceanstarsz.com,"RCL USD1900/2000, CLS: 17-July",FW_ Update rate from China To India - Ocean Star_3.eml
2026-07-08,NANSHA,CHENNAI,2050,2050,ocean_star,as23@oceanstarsz.com,"NAMSUNG USD2050/2050, CLS: 19-July",FW_ Update rate from China To India - Ocean Star_3.eml
2026-07-08,NANSHA,CHENNAI,2000,2000,ocean_star,as23@oceanstarsz.com,"WHL USD2000/2000, CLS: 13-July",FW_ Update rate from China To India - Ocean Star_3.eml
2026-07-08,NANSHA,CHENNAI,2150,2150,ocean_star,as23@oceanstarsz.com,"IAL USD2150/2150, CLS: 15/16-July",FW_ Update rate from China To India - Ocean Star_3.eml
2026-07-08,NANSHA,CHENNAI,1950,2000,ocean_star,as23@oceanstarsz.com,"COSCO USD1950/2000, rate valid to 14-July",FW_ Update rate from China To India - Ocean Star_3.eml
2026-07-08,NINGBO,CHENNAI,2100,2150,ocean_star,as23@oceanstarsz.com,"IAL USD2100/2150, ETD: 17-July",FW_ Update rate from China To India - Ocean Star_3.eml
2026-07-08,NINGBO,CHENNAI,2050,,ocean_star,as23@oceanstarsz.com,"SITC USD2050/20GP, ETD: 13-July",FW_ Update rate from China To India - Ocean Star_3.eml
2026-07-08,NINGBO,CHENNAI,,2100,ocean_star,as23@oceanstarsz.com,"SNL USD2100/40HQ, ETD: 15-July",FW_ Update rate from China To India - Ocean Star_3.eml
2026-07-08,NINGBO,CHENNAI,,2150,ocean_star,as23@oceanstarsz.com,"SJJ USD2150/40HQ, ETD: 15-July",FW_ Update rate from China To India - Ocean Star_3.eml
2026-07-08,NINGBO,CHENNAI,,2100,ocean_star,as23@oceanstarsz.com,"NAMSUNG USD2100/40HQ, ETD: 15-July",FW_ Update rate from China To India - Ocean Star_3.eml
2026-07-08,SHANGHAI,CHENNAI,1775,1775,ocean_star,as23@oceanstarsz.com,"IAL USD1775/1775, ETD: 14-July",FW_ Update rate from China To India - Ocean Star_3.eml
2026-07-08,SHANGHAI,CHENNAI,1900,2100,ocean_star,as23@oceanstarsz.com,"PIL USD1900/2100, ETD: 14-July",FW_ Update rate from China To India - Ocean Star_3.eml
2026-07-08,SHANGHAI,CHENNAI,2000,2300,ocean_star,as23@oceanstarsz.com,"RCL USD2000/2300, ETD: 12-July",FW_ Update rate from China To India - Ocean Star_3.eml
2026-07-08,SHANGHAI,CHENNAI,1970,2140,ocean_star,as23@oceanstarsz.com,"SNL USD1970/2140, ETD: 16/18-July",FW_ Update rate from China To India - Ocean Star_3.eml
2026-07-08,SHANGHAI,CHENNAI,2100,2300,ocean_star,as23@oceanstarsz.com,"KMTC USD2100/2300, ETD: 16/17-July",FW_ Update rate from China To India - Ocean Star_3.eml
2026-07-08,SHANGHAI,CHENNAI,2000,2000,ocean_star,as23@oceanstarsz.com,"WHL USD2000/2000, ETD: 15/18/22/26-July",FW_ Update rate from China To India - Ocean Star_3.eml
2026-07-08,QINGDAO,CHENNAI,2190,2490,ocean_star,as23@oceanstarsz.com,"SITC USD2190/2490, ETD: 16-July",FW_ Update rate from China To India - Ocean Star_3.eml
2026-07-08,QINGDAO,CHENNAI,2200,2400,ocean_star,as23@oceanstarsz.com,"SNL USD2200/2400, ETD: 15-July",FW_ Update rate from China To India - Ocean Star_3.eml
2026-07-08,QINGDAO,CHENNAI,2265,2365,ocean_star,as23@oceanstarsz.com,"CMA USD2265/2365, ETD: 14-July",FW_ Update rate from China To India - Ocean Star_3.eml
2026-07-08,QINGDAO,CHENNAI,2125,2425,ocean_star,as23@oceanstarsz.com,"TSL USD2125/2425, ETD: 13/16-July",FW_ Update rate from China To India - Ocean Star_3.eml
2026-07-08,QINGDAO,CHENNAI,2300,2300,ocean_star,as23@oceanstarsz.com,"COSCO USD2300/2300, ETD: 13-July",FW_ Update rate from China To India - Ocean Star_3.eml
2026-07-08,TIANJIN,CHENNAI,1700,1800,ocean_star,as23@oceanstarsz.com,"RCL USD1700/1800, ETD: 19-July",FW_ Update rate from China To India - Ocean Star_3.eml
2026-07-08,TIANJIN,CHENNAI,1700,1700,ocean_star,as23@oceanstarsz.com,"COSCO USD1700/1700, ETD: 17-July",FW_ Update rate from China To India - Ocean Star_3.eml
2026-07-08,TIANJIN,CHENNAI,1750,1750,ocean_star,as23@oceanstarsz.com,"MSC USD1750/1750, Rate valid to 19-July",FW_ Update rate from China To India - Ocean Star_3.eml
2026-07-08,TIANJIN,CHENNAI,1900,2000,ocean_star,as23@oceanstarsz.com,"KMTC USD1900/2000, Rate valid to 18-July",FW_ Update rate from China To India - Ocean Star_3.eml
2026-07-08,XIAMEN,CHENNAI,1450,1850,ocean_star,as23@oceanstarsz.com,"PIL USD1450/1850, ETD: 13-July",FW_ Update rate from China To India - Ocean Star_3.eml
2026-07-08,XIAMEN,CHENNAI,1500,1550,ocean_star,as23@oceanstarsz.com,"RCL USD1500/1550, ETD: 14-July",FW_ Update rate from China To India - Ocean Star_3.eml
2026-07-08,XIAMEN,CHENNAI,1600,1650,ocean_star,as23@oceanstarsz.com,"OOCL USD1600/1650, ETD: 14-July",FW_ Update rate from China To India - Ocean Star_3.eml
2026-07-08,XIAMEN,CHENNAI,1600,1700,ocean_star,as23@oceanstarsz.com,"CMA USD1600/1700, ETD: 14-July",FW_ Update rate from China To India - Ocean Star_3.eml
2026-07-08,DALIAN,CHENNAI,1850,1950,ocean_star,as23@oceanstarsz.com,"IAL USD1850/1950, ETD: 20-July",FW_ Update rate from China To India - Ocean Star_3.eml
2026-07-08,DALIAN,CHENNAI,1725,1725,ocean_star,as23@oceanstarsz.com,"MSC USD1725/1725, Rate valid to 19-July",FW_ Update rate from China To India - Ocean Star_3.eml
2026-07-08,DALIAN,CHENNAI,1800,1900,ocean_star,as23@oceanstarsz.com,"EMC USD1800/1900, Rate valid to 14-July",FW_ Update rate from China To India - Ocean Star_3.eml
2026-07-08,DALIAN,CHENNAI,1975,2075,ocean_star,as23@oceanstarsz.com,"WHL USD1975/2075, Rate valid to 15-July",FW_ Update rate from China To India - Ocean Star_3.eml
2026-07-08,DALIAN,CHENNAI,1650,1850,ocean_star,as23@oceanstarsz.com,ONE via pip USD1650/1850 ETD 12-JULY,FW_ Update rate from China To India - Ocean Star_3.eml
2026-07-08,DALIAN,CHENNAI,1400,1600,ocean_star,as23@oceanstarsz.com,ONE via pip USD1400/1600 ETD 18-JULY,FW_ Update rate from China To India - Ocean Star_3.eml
2026-07-08,DALIAN,CHENNAI,1930,1850,ocean_star,as23@oceanstarsz.com,ZIM via mun USD1930/1850 ETD 16-JULY(DCB),FW_ Update rate from China To India - Ocean Star_3.eml
2026-07-08,DALIAN,CHENNAI,1800,1800,ocean_star,as23@oceanstarsz.com,COSCO via pip USD1800/1800 ETD 13-JULY,FW_ Update rate from China To India - Ocean Star_3.eml
2026-07-08,DALIAN,CHENNAI,1700,1800,ocean_star,as23@oceanstarsz.com,ESL via mun USD1700/1800 ETD 20-JULY(DCB),FW_ Update rate from China To India - Ocean Star_3.eml
2026-07-08,DALIAN,CHENNAI,2000,2000,ocean_star,as23@oceanstarsz.com,MSC via mun USD2000/2000 ETD 19-JULY,FW_ Update rate from China To India - Ocean Star_3.eml
2026-07-08,DALIAN,CHENNAI,1960,1960,ocean_star,as23@oceanstarsz.com,HMM via pip USD1960/1960 ETD 12-JULY,FW_ Update rate from China To India - Ocean Star_3.eml
2026-07-08,DALIAN,CHENNAI,2630,2830,ocean_star,as23@oceanstarsz.com,"HMM via pip  USD2630/2830 ETD 12-JULY.ihc prepaid .(ICD TKD, Dadri, PIYALA, FARIDABAD)",FW_ Update rate from China To India - Ocean Star_3.eml
2026-07-08,DALIAN,CHENNAI,1700,1800,ocean_star,as23@oceanstarsz.com,ESL via mun USD1700/1800 ETD 19-JULY,FW_ Update rate from China To India - Ocean Star_3.eml
2026-07-08,DALIAN,CHENNAI,1930,2000,ocean_star,as23@oceanstarsz.com,ZIM via mun USD1930/2000 VALID 08-17 JULY,FW_ Update rate from China To India - Ocean Star_3.eml
2026-07-08,DALIAN,CHENNAI,1750,1950,ocean_star,as23@oceanstarsz.com,ONE via pip USD1750/1950 VALID 06-13 JULY,FW_ Update rate from China To India - Ocean Star_3.eml
2026-07-08,DALIAN,CHENNAI,1500,1600,ocean_star,as23@oceanstarsz.com,ONE via pip USD1500/1600 VALID 13-21 JULY,FW_ Update rate from China To India - Ocean Star_3.eml
2026-07-08,DALIAN,CHENNAI,1750,1750,ocean_star,as23@oceanstarsz.com,ESL via mun USD1750/1750 ETD 18-JULY,FW_ Update rate from China To India - Ocean Star_3.eml
2026-07-08,DALIAN,CHENNAI,1850,1850,ocean_star,as23@oceanstarsz.com,MSC via mun USD1850/1850 ETD 17/19-JULY,FW_ Update rate from China To India - Ocean Star_3.eml
2026-07-08,DALIAN,CHENNAI,1800,1800,ocean_star,as23@oceanstarsz.com,OOCL via pip USD1800/1800 ETD 14-JULY,FW_ Update rate from China To India - Ocean Star_3.eml
2026-07-08,DALIAN,CHENNAI,1850,1850,ocean_star,as23@oceanstarsz.com,COSCO via pip USD1850/1850 ETD 14-JULY,FW_ Update rate from China To India - Ocean Star_3.eml
2026-07-08,DALIAN,CHENNAI,1900,1900,ocean_star,as23@oceanstarsz.com,MSC via mun USD1900/1900 ETD 14-JULY,FW_ Update rate from China To India - Ocean Star_3.eml
2026-07-08,DALIAN,CHENNAI,1800,1800,ocean_star,as23@oceanstarsz.com,MSC via mun USD1800/1800 ETD 20-JULY,FW_ Update rate from China To India - Ocean Star_3.eml
2026-07-08,DALIAN,CHENNAI,1900,1900,ocean_star,as23@oceanstarsz.com,ZIM via mun USD1900/1900 ETD 13-JULY,FW_ Update rate from China To India - Ocean Star_3.eml
2026-07-08,DALIAN,CHENNAI,1800,1900,ocean_star,as23@oceanstarsz.com,PERMA via mun USD1800/1900 ETD 12-JULY,FW_ Update rate from China To India - Ocean Star_3.eml
2026-07-08,DALIAN,CHENNAI,1950,1950,ocean_star,as23@oceanstarsz.com,ESL via mun USD1950/1950 ETD 15-JULY,FW_ Update rate from China To India - Ocean Star_3.eml
2026-07-08,DALIAN,CHENNAI,1800,2000,ocean_star,as23@oceanstarsz.com,OOCL via mun USD1800/2000 ETD 17/20-JULY,FW_ Update rate from China To India - Ocean Star_3.eml
2026-07-08,DALIAN,CHENNAI,2025,2150,ocean_star,as23@oceanstarsz.com,ESL via mun USD2025/2150 ETD 17-JULY,FW_ Update rate from China To India - Ocean Star_3.eml
2026-07-08,DALIAN,CHENNAI,1850,2000,ocean_star,as23@oceanstarsz.com,PERMA via mun USD1850/2000 ETD 18-JULY,FW_ Update rate from China To India - Ocean Star_3.eml
2026-07-08,DALIAN,CHENNAI,1950,1950,ocean_star,as23@oceanstarsz.com,ONE via pip/mun USD1950/1950 ETD 14/19-JULY,FW_ Update rate from China To India - Ocean Star_3.eml
2026-07-08,DALIAN,CHENNAI,1835,1860,ocean_star,as23@oceanstarsz.com,OOCL via pip USD1835/1860 ETD 19-JULY(YANGSHAN),FW_ Update rate from China To India - Ocean Star_3.eml
2026-07-08,DALIAN,CHENNAI,2035,2060,ocean_star,as23@oceanstarsz.com,OOCL via mun USD2035/2060 ETD 15-JULY,FW_ Update rate from China To India - Ocean Star_3.eml
2026-07-08,DALIAN,CHENNAI,1935,1960,ocean_star,as23@oceanstarsz.com,OOCL via pip USD1935/1960 ETD 12-JULY,FW_ Update rate from China To India - Ocean Star_3.eml
2026-07-08,DALIAN,CHENNAI,2000,1950,ocean_star,as23@oceanstarsz.com,ZIM via mun USD2000/1950 ETD 15-JULY,FW_ Update rate from China To India - Ocean Star_3.eml
2026-07-08,DALIAN,CHENNAI,2000,2000,ocean_star,as23@oceanstarsz.com,MSC via mun USD2000/2000 ETD 13-JULY,FW_ Update rate from China To India - Ocean Star_3.eml
2026-07-08,DALIAN,CHENNAI,1800,1800,ocean_star,as23@oceanstarsz.com,MSC via mun USD1800/1800 ETD 17-JULY,FW_ Update rate from China To India - Ocean Star_3.eml
2026-07-08,DALIAN,CHENNAI,1910,1910,ocean_star,as23@oceanstarsz.com,HMM via pip USD1910/1910 ETD 14-JULY,FW_ Update rate from China To India - Ocean Star_3.eml
2026-07-08,DALIAN,CHENNAI,1960,1960,ocean_star,as23@oceanstarsz.com,HMM via mun USD1960/1960 ETD 14-JULY,FW_ Update rate from China To India - Ocean Star_3.eml
2026-07-08,DALIAN,CHENNAI,2250,2200,ocean_star,as23@oceanstarsz.com,PERMA via mun USD2250/2200 ETD 14/17-JULY,FW_ Update rate from China To India - Ocean Star_3.eml
2026-07-08,DALIAN,CHENNAI,2150,2250,ocean_star,as23@oceanstarsz.com,ESL via mun USD2150/2250 ETD 14-JULY,FW_ Update rate from China To India - Ocean Star_3.eml
2026-07-08,DALIAN,CHENNAI,,2400,ocean_star,as23@oceanstarsz.com,ONE via mun USD2400/40HQ ETD 13-JULY,FW_ Update rate from China To India - Ocean Star_3.eml
2026-07-08,DALIAN,CHENNAI,2400,2300,ocean_star,as23@oceanstarsz.com,COSCO via mun USD2400/2300 ETD 16/21-JULY,FW_ Update rate from China To India - Ocean Star_3.eml
2026-07-08,DALIAN,CHENNAI,2200,2200,ocean_star,as23@oceanstarsz.com,COSCO via mun USD2200/2200 ETD 18-JULY.indirect,FW_ Update rate from China To India - Ocean Star_3.eml
2026-07-08,DALIAN,CHENNAI,2225,2225,ocean_star,as23@oceanstarsz.com,MSC via mun USD2225/2225 ETD 13-JULY,FW_ Update rate from China To India - Ocean Star_3.eml
2026-07-08,DALIAN,CHENNAI,2300,2350,ocean_star,as23@oceanstarsz.com,PERMA via mun USD2300/2350 ETD 15-JULY,FW_ Update rate from China To India - Ocean Star_3.eml
2026-07-08,DALIAN,CHENNAI,2250,2250,ocean_star,as23@oceanstarsz.com,COSCO via mun USD2250/2250 ETD 15-JUNE,FW_ Update rate from China To India - Ocean Star_3.eml
2026-07-08,DALIAN,CHENNAI,2425,2425,ocean_star,as23@oceanstarsz.com,COSCO via mun USD2425/2425 ETD 14-JULY,FW_ Update rate from China To India - Ocean Star_3.eml
2026-07-08,DALIAN,CHENNAI,2225,2225,ocean_star,as23@oceanstarsz.com,MSC via mun USD2225/2225 ETD 14-JULY,FW_ Update rate from China To India - Ocean Star_3.eml
2026-07-08,SHENZHEN,KOLKATA,1650,1950,ocean_star,as23@oceanstarsz.com,RCL USD1650/1950  ETD17-JUL,FW_ Update rate from China To India - Ocean Star_3.eml
2026-07-08,SHENZHEN,KOLKATA,1850,2350,ocean_star,as23@oceanstarsz.com,WHL USD1850/2350 ETD15-JUL,FW_ Update rate from China To India - Ocean Star_3.eml
2026-07-08,SHENZHEN,KOLKATA,2050,3050,ocean_star,as23@oceanstarsz.com,PIL USD2050/3050 ETD123-JUL,FW_ Update rate from China To India - Ocean Star_3.eml
2026-07-08,SHENZHEN,KOLKATA,1950,1950,ocean_star,as23@oceanstarsz.com,MSC USD1950/1950 Rate valid till 19TH JUL,FW_ Update rate from China To India - Ocean Star_3.eml
2026-07-08,SHENZHEN,KOLKATA,1550,1750,ocean_star,as23@oceanstarsz.com,ONE USD1550/1750  Rate valid till 21TH JUL,FW_ Update rate from China To India - Ocean Star_3.eml
2026-07-08,SHENZHEN,KOLKATA,1950,1950,ocean_star,as23@oceanstarsz.com,COSCO USD1950/1950 Rate valid till 14TH JUL,FW_ Update rate from China To India - Ocean Star_3.eml
2026-07-08,NANSHA,KOLKATA,1650,1850,ocean_star,as23@oceanstarsz.com,ONE USD1650/1850  Rate valid till 21TH JUL,FW_ Update rate from China To India - Ocean Star_3.eml
2026-07-08,NANSHA,KOLKATA,1950,1950,ocean_star,as23@oceanstarsz.com,MSC USD1950/1950 Rate valid till 19TH JUL,FW_ Update rate from China To India - Ocean Star_3.eml
2026-07-08,NANSHA,KOLKATA,1950,1950,ocean_star,as23@oceanstarsz.com,COSCO USD1950/1950 Rate valid till 14TH JUL,FW_ Update rate from China To India - Ocean Star_3.eml
2026-07-08,NANSHA,KOLKATA,1750,2250,ocean_star,as23@oceanstarsz.com,RCL USD1750/2250 ETD17-JUL,FW_ Update rate from China To India - Ocean Star_3.eml
2026-07-08,NINGBO,KOLKATA,1600,1800,ocean_star,as23@oceanstarsz.com,RCL USD1600/1800 ETD17-JUL,FW_ Update rate from China To India - Ocean Star_3.eml
2026-07-08,NINGBO,KOLKATA,2175,2550,ocean_star,as23@oceanstarsz.com,SITC USD2175/2550 ETD12-JUL,FW_ Update rate from China To India - Ocean Star_3.eml
2026-07-08,NINGBO,KOLKATA,2050,2050,ocean_star,as23@oceanstarsz.com,MSC USD2050/2050 ETD14-JUL,FW_ Update rate from China To India - Ocean Star_3.eml
2026-07-08,NINGBO,KOLKATA,1950,2250,ocean_star,as23@oceanstarsz.com,PIL USD1950/2250 ETD16-JUL,FW_ Update rate from China To India - Ocean Star_3.eml
2026-07-08,NINGBO,KOLKATA,1450,2350,ocean_star,as23@oceanstarsz.com,WHL USD1450/2350 ETD11/12/13-JUL,FW_ Update rate from China To India - Ocean Star_3.eml
2026-07-08,SHANGHAI,KOLKATA,1600,2150,ocean_star,as23@oceanstarsz.com,RCL USD1600/2150 ETD11-JUL,FW_ Update rate from China To India - Ocean Star_3.eml
2026-07-08,SHANGHAI,KOLKATA,1700,2300,ocean_star,as23@oceanstarsz.com,WHL USD1700/2300 ETD20-JUL,FW_ Update rate from China To India - Ocean Star_3.eml
2026-07-08,SHANGHAI,KOLKATA,1775,2300,ocean_star,as23@oceanstarsz.com,PIL USD1775/2300 ETD14-JUL,FW_ Update rate from China To India - Ocean Star_3.eml
2026-07-08,SHANGHAI,KOLKATA,2450,3200,ocean_star,as23@oceanstarsz.com,SITC USD2450/3200 ETD15-JUL,FW_ Update rate from China To India - Ocean Star_3.eml
2026-07-08,SHANGHAI,KOLKATA,1900,2200,ocean_star,as23@oceanstarsz.com,YML USD1900/2200  ETD21-JUL,FW_ Update rate from China To India - Ocean Star_3.eml
2026-07-08,XIAMEN,KOLKATA,1800,2050,ocean_star,as23@oceanstarsz.com,RCL USD1800/2050 ETD14-JUL,FW_ Update rate from China To India - Ocean Star_3.eml
2026-07-08,XIAMEN,KOLKATA,1750,2550,ocean_star,as23@oceanstarsz.com,PIL USD1750/2550 ETD11-JUL,FW_ Update rate from China To India - Ocean Star_3.eml
2026-07-08,XIAMEN,KOLKATA,2100,2100,ocean_star,as23@oceanstarsz.com,MSC USD2100/2100 ETD12-JUL,FW_ Update rate from China To India - Ocean Star_3.eml
2026-07-08,QINGDAO,KOLKATA,2300,2300,ocean_star,as23@oceanstarsz.com,MSC USD2300/2300 ETD09-JUL,FW_ Update rate from China To India - Ocean Star_3.eml
2026-07-08,QINGDAO,KOLKATA,2350,2650,ocean_star,as23@oceanstarsz.com,WHL USD2350/2650 ETD17-JUL,FW_ Update rate from China To India - Ocean Star_3.eml
2026-07-08,QINGDAO,KOLKATA,2600,2900,ocean_star,as23@oceanstarsz.com,"SITC USD2600/2900  ETD19-JUL,20GP/40HQ over 20.9T+100/100",FW_ Update rate from China To India - Ocean Star_3.eml
2026-07-08,TIANJIN,KOLKATA,2200,2200,ocean_star,as23@oceanstarsz.com,MSC USD2200/2200 ETD15-JUL,FW_ Update rate from China To India - Ocean Star_3.eml
2026-07-08,TIANJIN,KOLKATA,1950,1950,ocean_star,as23@oceanstarsz.com,COSCO USD1950/1950 ETD15-JUL,FW_ Update rate from China To India - Ocean Star_3.eml
2026-07-08,DALIAN,KOLKATA,2300,2300,ocean_star,as23@oceanstarsz.com,IAL USD2300/2300 ETD13-JUL,FW_ Update rate from China To India - Ocean Star_3.eml
2026-07-13,SHENZHEN,NHAVA SHEVA,1575,1675,ocean_star,as23@oceanstarsz.com,EMC USD1575/1675 CLS15/16/18/19/22/25-Jul,FW_ Update rate from China To India - Ocean Star_4.eml
2026-07-13,SHENZHEN,NHAVA SHEVA,1750,1800,ocean_star,as23@oceanstarsz.com,WHL USD1750/1800 CLS22-Jul,FW_ Update rate from China To India - Ocean Star_4.eml
2026-07-13,SHENZHEN,NHAVA SHEVA,1700,1800,ocean_star,as23@oceanstarsz.com,ESL USD1700/1800 ETD20-Jul 10days free time,FW_ Update rate from China To India - Ocean Star_4.eml
2026-07-13,SHENZHEN,NHAVA SHEVA,1600,1700,ocean_star,as23@oceanstarsz.com,KMTC USD1600/1700 ETD20-Jul,FW_ Update rate from China To India - Ocean Star_4.eml
2026-07-13,SHENZHEN,NHAVA SHEVA,,1600,ocean_star,as23@oceanstarsz.com,ONE USD1600/40HQ ETD17-Jul,FW_ Update rate from China To India - Ocean Star_4.eml
2026-07-13,SHENZHEN,NHAVA SHEVA,1650,1650,ocean_star,as23@oceanstarsz.com,IAL USD1650/1650 CLS17/18-Jul,FW_ Update rate from China To India - Ocean Star_4.eml
2026-07-13,SHENZHEN,NHAVA SHEVA,1600,1600,ocean_star,as23@oceanstarsz.com,RCL USD1600/1600 CLS24/25-Jul,FW_ Update rate from China To India - Ocean Star_4.eml
2026-07-13,SHENZHEN,NHAVA SHEVA,1600,1700,ocean_star,as23@oceanstarsz.com,SJJ USD1600/1700 CLS25-Jul,FW_ Update rate from China To India - Ocean Star_4.eml
2026-07-13,SHENZHEN,NHAVA SHEVA,1600,1700,ocean_star,as23@oceanstarsz.com,TSL USD1600/1700 CLS22-Jul,FW_ Update rate from China To India - Ocean Star_4.eml
2026-07-13,SHENZHEN,NHAVA SHEVA,1600,1600,ocean_star,as23@oceanstarsz.com,COSCO USD1600/1600 CLS21/22-Jul,FW_ Update rate from China To India - Ocean Star_4.eml
2026-07-13,SHENZHEN,NHAVA SHEVA,1800,1800,ocean_star,as23@oceanstarsz.com,MSC USD1800/1800 CLS20-Jul,FW_ Update rate from China To India - Ocean Star_4.eml
2026-07-13,NANSHA,NHAVA SHEVA,1700,1800,ocean_star,as23@oceanstarsz.com,ESL USD1700/1800 ETD19-Jul 10days free time,FW_ Update rate from China To India - Ocean Star_4.eml
2026-07-13,NANSHA,NHAVA SHEVA,1575,1675,ocean_star,as23@oceanstarsz.com,EMC USD1575/1675 CLS18/23-Jul,FW_ Update rate from China To India - Ocean Star_4.eml
2026-07-13,NANSHA,NHAVA SHEVA,,1625,ocean_star,as23@oceanstarsz.com,WHL USD1625/40HQ CLS18-Jul,FW_ Update rate from China To India - Ocean Star_4.eml
2026-07-13,NANSHA,NHAVA SHEVA,1600,1600,ocean_star,as23@oceanstarsz.com,COSCO USD1600/1600 CLS22/29-Jul,FW_ Update rate from China To India - Ocean Star_4.eml
2026-07-13,NINGBO,NHAVA SHEVA,1750,1800,ocean_star,as23@oceanstarsz.com,IAL USD1750/1800 ETD19-Jul,FW_ Update rate from China To India - Ocean Star_4.eml
2026-07-13,NINGBO,NHAVA SHEVA,1750,1850,ocean_star,as23@oceanstarsz.com,BWL USD1750/1850 ETD17-Jul,FW_ Update rate from China To India - Ocean Star_4.eml
2026-07-13,NINGBO,NHAVA SHEVA,1700,1800,ocean_star,as23@oceanstarsz.com,PERMA USD1700/1800 ETD17/23-Jul,FW_ Update rate from China To India - Ocean Star_4.eml
2026-07-13,NINGBO,NHAVA SHEVA,1800,1800,ocean_star,as23@oceanstarsz.com,SNL USD1800/1800 ETD20-Jul,FW_ Update rate from China To India - Ocean Star_4.eml
2026-07-13,NINGBO,NHAVA SHEVA,1800,1800,ocean_star,as23@oceanstarsz.com,RCL USD1800/1800 ETD18-Jul,FW_ Update rate from China To India - Ocean Star_4.eml
2026-07-13,NINGBO,NHAVA SHEVA,1700,1800,ocean_star,as23@oceanstarsz.com,EMC USD1700/1800 ETD19-Jul,FW_ Update rate from China To India - Ocean Star_4.eml
2026-07-13,NINGBO,NHAVA SHEVA,1700,1700,ocean_star,as23@oceanstarsz.com,WHL USD1700/1700 ETD21/24/25-Jul,FW_ Update rate from China To India - Ocean Star_4.eml
2026-07-13,NINGBO,NHAVA SHEVA,1800,1800,ocean_star,as23@oceanstarsz.com,ONE USD1800/1800 ETD23/27-Jul,FW_ Update rate from China To India - Ocean Star_4.eml
2026-07-13,NINGBO,NHAVA SHEVA,1800,1900,ocean_star,as23@oceanstarsz.com,OOCL USD1800/1900 ETD20/23-Jul,FW_ Update rate from China To India - Ocean Star_4.eml
2026-07-13,NINGBO,NHAVA SHEVA,1850,1950,ocean_star,as23@oceanstarsz.com,PIL USD1850/1950 ETD17-Jul,FW_ Update rate from China To India - Ocean Star_4.eml
2026-07-13,NINGBO,NHAVA SHEVA,1800,1800,ocean_star,as23@oceanstarsz.com,MSC USD1800/1800 ETD22-Jul,FW_ Update rate from China To India - Ocean Star_4.eml
2026-07-13,NINGBO,NHAVA SHEVA,1750,1800,ocean_star,as23@oceanstarsz.com,TSL USD1750/1800 ETD20/22/23-Jul,FW_ Update rate from China To India - Ocean Star_4.eml
2026-07-13,NINGBO,NHAVA SHEVA,1810,1810,ocean_star,as23@oceanstarsz.com,HMM USD1810/1810 ETD24-Jul,FW_ Update rate from China To India - Ocean Star_4.eml
2026-07-13,SHANGHAI,NHAVA SHEVA,1750,1750,ocean_star,as23@oceanstarsz.com,SNL USD1750/1750 ETD20/21-Jul,FW_ Update rate from China To India - Ocean Star_4.eml
2026-07-13,SHANGHAI,NHAVA SHEVA,1700,1800,ocean_star,as23@oceanstarsz.com,HDS USD1700/1800 ETD21-Jul,FW_ Update rate from China To India - Ocean Star_4.eml
2026-07-13,SHANGHAI,NHAVA SHEVA,1850,1925,ocean_star,as23@oceanstarsz.com,IAL USD1850/1925 ETD18-Jul,FW_ Update rate from China To India - Ocean Star_4.eml
2026-07-13,SHANGHAI,NHAVA SHEVA,1800,1775,ocean_star,as23@oceanstarsz.com,HAL USD1800/1775 ETD20-Jul,FW_ Update rate from China To India - Ocean Star_4.eml
2026-07-13,SHANGHAI,NHAVA SHEVA,2025,2150,ocean_star,as23@oceanstarsz.com,ESL USD2025/2150 ETD17-Jul,FW_ Update rate from China To India - Ocean Star_4.eml
2026-07-13,SHANGHAI,NHAVA SHEVA,1962,1912,ocean_star,as23@oceanstarsz.com,PIL USD1962/1912 ETD16-Jul,FW_ Update rate from China To India - Ocean Star_4.eml
2026-07-13,SHANGHAI,NHAVA SHEVA,,2100,ocean_star,as23@oceanstarsz.com,COSCO USD2100/40HQ ETD17-Jul,FW_ Update rate from China To India - Ocean Star_4.eml
2026-07-13,SHANGHAI,NHAVA SHEVA,1775,1850,ocean_star,as23@oceanstarsz.com,KMTC USD1775/1850 ETD20/21-Jul,FW_ Update rate from China To India - Ocean Star_4.eml
2026-07-13,SHANGHAI,NHAVA SHEVA,1700,1800,ocean_star,as23@oceanstarsz.com,EMC USD1700/1800 ETD17/21-Jul,FW_ Update rate from China To India - Ocean Star_4.eml
2026-07-13,SHANGHAI,NHAVA SHEVA,1750,1800,ocean_star,as23@oceanstarsz.com,ONE USD1750/1800 ETD21-Jul,FW_ Update rate from China To India - Ocean Star_4.eml
2026-07-13,SHANGHAI,NHAVA SHEVA,1650,1800,ocean_star,as23@oceanstarsz.com,RCL USD1650/1800 ETD20/23-Jul,FW_ Update rate from China To India - Ocean Star_4.eml
2026-07-13,SHANGHAI,NHAVA SHEVA,1750,1750,ocean_star,as23@oceanstarsz.com,YML USD1750/1750 ETD22-Jul,FW_ Update rate from China To India - Ocean Star_4.eml
2026-07-13,SHANGHAI,NHAVA SHEVA,1685,1710,ocean_star,as23@oceanstarsz.com,OOCL USD1685/1710 ETD22-Jul,FW_ Update rate from China To India - Ocean Star_4.eml
2026-07-13,SHANGHAI,NHAVA SHEVA,1825,1825,ocean_star,as23@oceanstarsz.com,WHL USD1825/1825 ETD20-Jul,FW_ Update rate from China To India - Ocean Star_4.eml
2026-07-13,SHANGHAI,NHAVA SHEVA,1900,2050,ocean_star,as23@oceanstarsz.com,BEN USD1900/2050 ETD26-Jul(OSL),FW_ Update rate from China To India - Ocean Star_4.eml
2026-07-13,QINGDAO,NHAVA SHEVA,2000,2000,ocean_star,as23@oceanstarsz.com,PERMA USD2000/2000 ETD23-Jul,FW_ Update rate from China To India - Ocean Star_4.eml
2026-07-13,QINGDAO,NHAVA SHEVA,1950,2050,ocean_star,as23@oceanstarsz.com,ESL USD1950/2050 ETD20-Jul,FW_ Update rate from China To India - Ocean Star_4.eml
2026-07-13,QINGDAO,NHAVA SHEVA,1950,2050,ocean_star,as23@oceanstarsz.com,BEN USD1950/2050 ETD18-Jul,FW_ Update rate from China To India - Ocean Star_4.eml
2026-07-13,QINGDAO,NHAVA SHEVA,1950,1950,ocean_star,as23@oceanstarsz.com,SNL USD1950/1950 ETD25-Jul,FW_ Update rate from China To India - Ocean Star_4.eml
2026-07-13,QINGDAO,NHAVA SHEVA,1900,1900,ocean_star,as23@oceanstarsz.com,BWL USD1900/1900 ETD21-Jul,FW_ Update rate from China To India - Ocean Star_4.eml
2026-07-13,QINGDAO,NHAVA SHEVA,1800,1850,ocean_star,as23@oceanstarsz.com,SNG USD1800/1850 ETD18/19/21-Jul,FW_ Update rate from China To India - Ocean Star_4.eml
2026-07-13,QINGDAO,NHAVA SHEVA,2050,2050,ocean_star,as23@oceanstarsz.com,RCL USD2050/2050 ETD23-Jul,FW_ Update rate from China To India - Ocean Star_4.eml
2026-07-13,QINGDAO,NHAVA SHEVA,2250,2250,ocean_star,as23@oceanstarsz.com,EMC USD2250/2250 ETD19/21-Jul,FW_ Update rate from China To India - Ocean Star_4.eml
2026-07-13,QINGDAO,NHAVA SHEVA,2050,2000,ocean_star,as23@oceanstarsz.com,COSCO USD2050/2000 ETD22-Jul,FW_ Update rate from China To India - Ocean Star_4.eml
2026-07-13,QINGDAO,NHAVA SHEVA,,2200,ocean_star,as23@oceanstarsz.com,ONE USD2200/40HQ ETD20/21-Jul,FW_ Update rate from China To India - Ocean Star_4.eml
2026-07-13,TIANJIN,NHAVA SHEVA,2050,2100,ocean_star,as23@oceanstarsz.com,PERMA USD2050/2100 ETD21-Jul,FW_ Update rate from China To India - Ocean Star_4.eml
2026-07-13,TIANJIN,NHAVA SHEVA,1950,2000,ocean_star,as23@oceanstarsz.com,EMC USD1950/2000 ETD21-Jul,FW_ Update rate from China To India - Ocean Star_4.eml
2026-07-13,TIANJIN,NHAVA SHEVA,2000,,ocean_star,as23@oceanstarsz.com,BEN USD2000/20GP ETD21-Jul,FW_ Update rate from China To India - Ocean Star_4.eml
2026-07-13,TIANJIN,NHAVA SHEVA,2000,2000,ocean_star,as23@oceanstarsz.com,COSCO USD2000/2000 ETD25-Jul,FW_ Update rate from China To India - Ocean Star_4.eml
2026-07-13,TIANJIN,NHAVA SHEVA,2100,2450,ocean_star,as23@oceanstarsz.com,ESL USD2100/2450 ETD21-Jul,FW_ Update rate from China To India - Ocean Star_4.eml
2026-07-13,TIANJIN,NHAVA SHEVA,2400,2500,ocean_star,as23@oceanstarsz.com,KMTC USD2400/2500 Valid from 12-Jul to 18-Jul,FW_ Update rate from China To India - Ocean Star_4.eml
2026-07-13,TIANJIN,NHAVA SHEVA,2000,2000,ocean_star,as23@oceanstarsz.com,WHL USD2000/2000 Valid from 13-Jul to 19-Jul indirect,FW_ Update rate from China To India - Ocean Star_4.eml
2026-07-13,TIANJIN,NHAVA SHEVA,2025,2025,ocean_star,as23@oceanstarsz.com,MSC USD2025/2025 ETD22-Jul,FW_ Update rate from China To India - Ocean Star_4.eml
2026-07-13,TIANJIN,NHAVA SHEVA,2100,2100,ocean_star,as23@oceanstarsz.com,RCL USD2100/2100 ETD25-Jul,FW_ Update rate from China To India - Ocean Star_4.eml
2026-07-13,TIANJIN,NHAVA SHEVA,1950,1950,ocean_star,as23@oceanstarsz.com,ZIM USD1950/1950 ETD21-Jul,FW_ Update rate from China To India - Ocean Star_4.eml
2026-07-13,TIANJIN,NHAVA SHEVA,1900,2000,ocean_star,as23@oceanstarsz.com,TSL USD1900/2000 ETD22-Jul,FW_ Update rate from China To India - Ocean Star_4.eml
2026-07-13,XIAMEN,NHAVA SHEVA,1700,1700,ocean_star,as23@oceanstarsz.com,ESL USD1700/1700 ETD18-Jul,FW_ Update rate from China To India - Ocean Star_4.eml
2026-07-13,XIAMEN,NHAVA SHEVA,1800,1800,ocean_star,as23@oceanstarsz.com,COSCO USD1800/1800 ETD17-Jul,FW_ Update rate from China To India - Ocean Star_4.eml
2026-07-13,XIAMEN,NHAVA SHEVA,1750,1750,ocean_star,as23@oceanstarsz.com,OOCL USD1750/1750 ETD17-Jul,FW_ Update rate from China To India - Ocean Star_4.eml
2026-07-13,XIAMEN,NHAVA SHEVA,1600,1650,ocean_star,as23@oceanstarsz.com,EMC USD1600/1650 ETD18-Jul,FW_ Update rate from China To India - Ocean Star_4.eml
2026-07-13,DALIAN,NHAVA SHEVA,2225,2225,ocean_star,as23@oceanstarsz.com,MSC USD2225/2225 Valid from13-Jul to 19-Jul,FW_ Update rate from China To India - Ocean Star_4.eml
2026-07-13,DALIAN,NHAVA SHEVA,2150,2150,ocean_star,as23@oceanstarsz.com,EMC USD2150/2150 Valid from15-Jul to 21-Jul,FW_ Update rate from China To India - Ocean Star_4.eml
2026-07-13,DALIAN,NHAVA SHEVA,2150,2150,ocean_star,as23@oceanstarsz.com,CUL USD2150/2150 ETD19-Jul,FW_ Update rate from China To India - Ocean Star_4.eml
2026-07-13,DALIAN,NHAVA SHEVA,2125,2125,ocean_star,as23@oceanstarsz.com,WHL USD2125/2125 Valid from15-Jul to 21-Jul,FW_ Update rate from China To India - Ocean Star_4.eml
2026-07-13,DALIAN,NHAVA SHEVA,2100,2100,ocean_star,as23@oceanstarsz.com,IAL USD2100/2100 ETD20-Jul indirect,FW_ Update rate from China To India - Ocean Star_4.eml
2026-07-13,SHEKOU,CHENNAI,2150,2200,ocean_star,as23@oceanstarsz.com,"NAMSUNG USD2150/2200, CLS: 21-July",FW_ Update rate from China To India - Ocean Star_4.eml
2026-07-13,SHEKOU,CHENNAI,2200,2200,ocean_star,as23@oceanstarsz.com,"WHL USD2200/2200, CLS: 19-July",FW_ Update rate from China To India - Ocean Star_4.eml
2026-07-13,SHEKOU,CHENNAI,2200,2200,ocean_star,as23@oceanstarsz.com,"IAL USD2200/2200, CLS: 20-July",FW_ Update rate from China To India - Ocean Star_4.eml
2026-07-13,SHEKOU,CHENNAI,2200,2200,ocean_star,as23@oceanstarsz.com,"COSCO USD2200/2200, CLS: 25-July",FW_ Update rate from China To India - Ocean Star_4.eml
2026-07-13,SHEKOU,CHENNAI,2200,2300,ocean_star,as23@oceanstarsz.com,"SJJ USD2200/2300, CLS: 17-July",FW_ Update rate from China To India - Ocean Star_4.eml
2026-07-13,SHEKOU,CHENNAI,2300,2400,ocean_star,as23@oceanstarsz.com,"TSL USD2300/2400, CLS: 16-July",FW_ Update rate from China To India - Ocean Star_4.eml
2026-07-13,SHEKOU,CHENNAI,2400,2500,ocean_star,as23@oceanstarsz.com,"TSL USD2400/2500, CLS: 22-July",FW_ Update rate from China To India - Ocean Star_4.eml
2026-07-13,SHEKOU,CHENNAI,2650,2950,ocean_star,as23@oceanstarsz.com,"KMTC USD2650/2950, CLS: 19/22-July",FW_ Update rate from China To India - Ocean Star_4.eml
2026-07-13,NANSHA,CHENNAI,1800,,ocean_star,as23@oceanstarsz.com,"RCL USD1800/20GP, CLS: 17-July",FW_ Update rate from China To India - Ocean Star_4.eml
2026-07-13,NANSHA,CHENNAI,2050,2050,ocean_star,as23@oceanstarsz.com,"NAMSUNG USD2050/2050, CLS: 18-July",FW_ Update rate from China To India - Ocean Star_4.eml
2026-07-13,NANSHA,CHENNAI,2100,2100,ocean_star,as23@oceanstarsz.com,"IAL USD2100/2100, CLS: 19-July",FW_ Update rate from China To India - Ocean Star_4.eml
2026-07-13,NANSHA,CHENNAI,2150,2200,ocean_star,as23@oceanstarsz.com,"COSCO USD2150/2200, rate valid to 31-July",FW_ Update rate from China To India - Ocean Star_4.eml
2026-07-13,NINGBO,CHENNAI,1800,1950,ocean_star,as23@oceanstarsz.com,"TRL USD1800/1950, ETD: 21-July",FW_ Update rate from China To India - Ocean Star_4.eml
2026-07-13,NINGBO,CHENNAI,,2100,ocean_star,as23@oceanstarsz.com,"EMC USD2100/40HQ, ETD: 21-July",FW_ Update rate from China To India - Ocean Star_4.eml
2026-07-13,NINGBO,CHENNAI,,2100,ocean_star,as23@oceanstarsz.com,"SNL USD2100/40HQ, ETD: 19-July",FW_ Update rate from China To India - Ocean Star_4.eml
2026-07-13,NINGBO,CHENNAI,2000,2250,ocean_star,as23@oceanstarsz.com,"ESL USD2000/2250, ETD: 19-July",FW_ Update rate from China To India - Ocean Star_4.eml
2026-07-13,SHANGHAI,CHENNAI,1875,1950,ocean_star,as23@oceanstarsz.com,"IAL USD1875/1950, ETD: 25-July",FW_ Update rate from China To India - Ocean Star_4.eml
2026-07-13,SHANGHAI,CHENNAI,1900,1900,ocean_star,as23@oceanstarsz.com,"WHL USD1900/1900, ETD: 25-July",FW_ Update rate from China To India - Ocean Star_4.eml
2026-07-13,SHANGHAI,CHENNAI,1850,2000,ocean_star,as23@oceanstarsz.com,"KMTC USD1850/2000, ETD: 24-July",FW_ Update rate from China To India - Ocean Star_4.eml
2026-07-13,QINGDAO,CHENNAI,,2300,ocean_star,as23@oceanstarsz.com,"COSCO USD2300/40HQ, ETD: 28-July",FW_ Update rate from China To India - Ocean Star_4.eml
2026-07-13,QINGDAO,CHENNAI,2200,2500,ocean_star,as23@oceanstarsz.com,"SITC USD2200/2500, ETD: 26-July",FW_ Update rate from China To India - Ocean Star_4.eml
2026-07-13,QINGDAO,CHENNAI,2300,2400,ocean_star,as23@oceanstarsz.com,"SNL USD2300/2400, ETD: 22-July",FW_ Update rate from China To India - Ocean Star_4.eml
2026-07-13,QINGDAO,CHENNAI,2450,2450,ocean_star,as23@oceanstarsz.com,"WHL USD2450/2450, ETD: 20-July",FW_ Update rate from China To India - Ocean Star_4.eml
2026-07-13,TIANJIN,CHENNAI,1800,1900,ocean_star,as23@oceanstarsz.com,"RCL USD1800/1900, ETD: 20-July",FW_ Update rate from China To India - Ocean Star_4.eml
2026-07-13,TIANJIN,CHENNAI,1900,2100,ocean_star,as23@oceanstarsz.com,"TSL USD1900/2100, ETD: 22-July",FW_ Update rate from China To India - Ocean Star_4.eml
2026-07-13,TIANJIN,CHENNAI,1650,1650,ocean_star,as23@oceanstarsz.com,"MSC USD1650/1650, Rate valid to 27-July",FW_ Update rate from China To India - Ocean Star_4.eml
2026-07-13,XIAMEN,CHENNAI,1500,,ocean_star,as23@oceanstarsz.com,"NAMSUNG USD1500/20GP, ETD: 18-July",FW_ Update rate from China To India - Ocean Star_4.eml
2026-07-13,XIAMEN,CHENNAI,1725,1725,ocean_star,as23@oceanstarsz.com,"IAL USD1725/1725, ETD: 19-July",FW_ Update rate from China To India - Ocean Star_4.eml
2026-07-13,XIAMEN,CHENNAI,1650,1650,ocean_star,as23@oceanstarsz.com,"WHL USD1650/1650, ETD: 19-July",FW_ Update rate from China To India - Ocean Star_4.eml
2026-07-13,DALIAN,CHENNAI,1850,1950,ocean_star,as23@oceanstarsz.com,"IAL USD1850/1950, ETD: 20-July",FW_ Update rate from China To India - Ocean Star_4.eml
2026-07-13,DALIAN,CHENNAI,1725,1725,ocean_star,as23@oceanstarsz.com,"MSC USD1725/1725, Rate valid to 19-July",FW_ Update rate from China To India - Ocean Star_4.eml
2026-07-13,DALIAN,CHENNAI,1800,1900,ocean_star,as23@oceanstarsz.com,"EMC USD1800/1900, Rate valid to 21-July",FW_ Update rate from China To India - Ocean Star_4.eml
2026-07-13,DALIAN,CHENNAI,1975,2075,ocean_star,as23@oceanstarsz.com,"WHL USD1975/2075, Rate valid to 21-July",FW_ Update rate from China To India - Ocean Star_4.eml
2026-07-13,SHENZHEN,KOLKATA,1550,1850,ocean_star,as23@oceanstarsz.com,RCL USD1550/1850 ETD20/26-JUL,FW_ Update rate from China To India - Ocean Star_4.eml
2026-07-13,SHENZHEN,KOLKATA,1850,2350,ocean_star,as23@oceanstarsz.com,WHL USD1850/2350 ETD24-JUL,FW_ Update rate from China To India - Ocean Star_4.eml
2026-07-13,SHENZHEN,KOLKATA,2050,3050,ocean_star,as23@oceanstarsz.com,PIL USD2050/3050 ETD23-JUL,FW_ Update rate from China To India - Ocean Star_4.eml
2026-07-13,SHENZHEN,KOLKATA,1950,1950,ocean_star,as23@oceanstarsz.com,MSC USD1950/1950 Rate valid till 19TH JUL,FW_ Update rate from China To India - Ocean Star_4.eml
2026-07-13,SHENZHEN,KOLKATA,1550,1750,ocean_star,as23@oceanstarsz.com,ONE USD1550/1750  Rate valid till 21TH JUL,FW_ Update rate from China To India - Ocean Star_4.eml
2026-07-13,SHENZHEN,KOLKATA,1750,1750,ocean_star,as23@oceanstarsz.com,COSCO USD1750/1750 Rate valid till 21TH JUL,FW_ Update rate from China To India - Ocean Star_4.eml
2026-07-13,NANSHA,KOLKATA,1650,1850,ocean_star,as23@oceanstarsz.com,ONE USD1650/1850  Rate valid till 21TH JUL,FW_ Update rate from China To India - Ocean Star_4.eml
2026-07-13,NANSHA,KOLKATA,1950,1950,ocean_star,as23@oceanstarsz.com,MSC USD1950/1950 Rate valid till 19TH JUL,FW_ Update rate from China To India - Ocean Star_4.eml
2026-07-13,NANSHA,KOLKATA,1750,1750,ocean_star,as23@oceanstarsz.com,COSCO USD1750/1750 Rate valid till 21TH JUL,FW_ Update rate from China To India - Ocean Star_4.eml
2026-07-13,NANSHA,KOLKATA,1650,1950,ocean_star,as23@oceanstarsz.com,RCL USD1650/1950 ETD17-JUL,FW_ Update rate from China To India - Ocean Star_4.eml
2026-07-13,NINGBO,KOLKATA,1550,1750,ocean_star,as23@oceanstarsz.com,RCL USD1550/1750 ETD17-JUL,FW_ Update rate from China To India - Ocean Star_4.eml
2026-07-13,NINGBO,KOLKATA,,1850,ocean_star,as23@oceanstarsz.com,ONE USD1850/40HQ ETD17-JUL,FW_ Update rate from China To India - Ocean Star_4.eml
2026-07-13,NINGBO,KOLKATA,2350,2800,ocean_star,as23@oceanstarsz.com,SITC USD2350/2800 ETD24-JUL,FW_ Update rate from China To India - Ocean Star_4.eml
2026-07-13,NINGBO,KOLKATA,1450,2450,ocean_star,as23@oceanstarsz.com,WHL USD1450/2450 ETD24/25-JUL,FW_ Update rate from China To India - Ocean Star_4.eml
2026-07-13,NINGBO,KOLKATA,2050,2250,ocean_star,as23@oceanstarsz.com,YML USD2050/2250  ETD17-JUL,FW_ Update rate from China To India - Ocean Star_4.eml
2026-07-13,NINGBO,KOLKATA,1500,1700,ocean_star,as23@oceanstarsz.com,MTT USD1500/1700 ETD16-JUL,FW_ Update rate from China To India - Ocean Star_4.eml
2026-07-13,SHANGHAI,KOLKATA,1950,1950,ocean_star,as23@oceanstarsz.com,MSC USD1950/1950  ETD15-JUL,FW_ Update rate from China To India - Ocean Star_4.eml
2026-07-13,SHANGHAI,KOLKATA,1700,2300,ocean_star,as23@oceanstarsz.com,WHL USD1700/2300 ETD20-JUL,FW_ Update rate from China To India - Ocean Star_4.eml
2026-07-13,SHANGHAI,KOLKATA,1775,2300,ocean_star,as23@oceanstarsz.com,PIL USD1775/2300 ETD16-JUL,FW_ Update rate from China To India - Ocean Star_4.eml
2026-07-13,SHANGHAI,KOLKATA,2450,3200,ocean_star,as23@oceanstarsz.com,SITC USD2450/3200 ETD15-JUL,FW_ Update rate from China To India - Ocean Star_4.eml
2026-07-13,SHANGHAI,KOLKATA,1900,2200,ocean_star,as23@oceanstarsz.com,YML USD1900/2200  ETD21-JUL,FW_ Update rate from China To India - Ocean Star_4.eml
2026-07-13,XIAMEN,KOLKATA,1700,1950,ocean_star,as23@oceanstarsz.com,RCL USD1700/1950 ETD17-JUL,FW_ Update rate from China To India - Ocean Star_4.eml
2026-07-13,XIAMEN,KOLKATA,1800,2050,ocean_star,as23@oceanstarsz.com,COSCO USD1800/2050 ETD15-JUL,FW_ Update rate from China To India - Ocean Star_4.eml
2026-07-13,XIAMEN,KOLKATA,2000,2000,ocean_star,as23@oceanstarsz.com,MSC USD2000/2000 ETD17/19-JUL,FW_ Update rate from China To India - Ocean Star_4.eml
2026-07-13,QINGDAO,KOLKATA,2200,2200,ocean_star,as23@oceanstarsz.com,MSC USD2200/2200 ETD16-JUL,FW_ Update rate from China To India - Ocean Star_4.eml
2026-07-13,QINGDAO,KOLKATA,2150,2150,ocean_star,as23@oceanstarsz.com,MTT USD2150/2150 ETD24-JUL,FW_ Update rate from China To India - Ocean Star_4.eml
2026-07-13,QINGDAO,KOLKATA,2350,2650,ocean_star,as23@oceanstarsz.com,WHL USD2350/2650 ETD17-JUL,FW_ Update rate from China To India - Ocean Star_4.eml
2026-07-13,QINGDAO,KOLKATA,2600,2900,ocean_star,as23@oceanstarsz.com,"SITC USD2600/2900  ETD19-JUL,20GP/40HQ over 20.9T+100/100",FW_ Update rate from China To India - Ocean Star_4.eml
2026-07-13,QINGDAO,KOLKATA,1850,2250,ocean_star,as23@oceanstarsz.com,RCL USD1850/2250 ETD22-JUL,FW_ Update rate from China To India - Ocean Star_4.eml
2026-07-13,TIANJIN,KOLKATA,2075,2075,ocean_star,as23@oceanstarsz.com,MSC USD2075/2075 ETD22-JUL,FW_ Update rate from China To India - Ocean Star_4.eml
2026-07-13,TIANJIN,KOLKATA,1950,1950,ocean_star,as23@oceanstarsz.com,COSCO USD1950/1950 ETD24-JUL,FW_ Update rate from China To India - Ocean Star_4.eml
2026-07-13,TIANJIN,KOLKATA,2350,2450,ocean_star,as23@oceanstarsz.com,RCL USD2350/2450 ETD29-JUL,FW_ Update rate from China To India - Ocean Star_4.eml
2026-07-13,DALIAN,KOLKATA,2075,2075,ocean_star,as23@oceanstarsz.com,MSC USD2075/2075 ETD21-JUL,FW_ Update rate from China To India - Ocean Star_4.eml
2026-07-13,DALIAN,KOLKATA,2250,2550,ocean_star,as23@oceanstarsz.com,WHL USD2250/2550 ETD17/21-JUL,FW_ Update rate from China To India - Ocean Star_4.eml
2026-07-13,DALIAN,KOLKATA,1400,1600,ocean_star,as23@oceanstarsz.com,ONE via pip USD1400/1600 ETD 18-JULY,FW_ Update rate from China To India - Ocean Star_4.eml
2026-07-13,DALIAN,KOLKATA,1930,1850,ocean_star,as23@oceanstarsz.com,ZIM via mun USD1930/1850 ETD 16-JULY(DCB),FW_ Update rate from China To India - Ocean Star_4.eml
2026-07-13,DALIAN,KOLKATA,1700,1700,ocean_star,as23@oceanstarsz.com,COSCO via mun USD1700/1700 ETD 20-JULY,FW_ Update rate from China To India - Ocean Star_4.eml
2026-07-13,DALIAN,KOLKATA,1600,1600,ocean_star,as23@oceanstarsz.com,COSCO via mun USD1600/1600 ETD 24-JULY,FW_ Update rate from China To India - Ocean Star_4.eml
2026-07-13,DALIAN,KOLKATA,1700,1800,ocean_star,as23@oceanstarsz.com,ESL via mun USD1700/1800 ETD 20-JULY(DCB),FW_ Update rate from China To India - Ocean Star_4.eml
2026-07-13,DALIAN,KOLKATA,2000,2000,ocean_star,as23@oceanstarsz.com,MSC via mun USD2000/2000 ETD 19-JULY,FW_ Update rate from China To India - Ocean Star_4.eml
2026-07-13,DALIAN,KOLKATA,1625,1625,ocean_star,as23@oceanstarsz.com,HMM via pip USD1625/1625 ETD 19-JULY,FW_ Update rate from China To India - Ocean Star_4.eml
2026-07-13,DALIAN,KOLKATA,2430,2630,ocean_star,as23@oceanstarsz.com,"HMM via pip  USD2430/2630 ETD 19-JULY.ihc prepaid .(ICD TKD, Dadri, PIYALA, FARIDABAD)",FW_ Update rate from China To India - Ocean Star_4.eml
2026-07-13,DALIAN,KOLKATA,,3114,ocean_star,as23@oceanstarsz.com,CMA via pip/mun USD3114/40HQ ETD 15/14-JULY.ihc prepaid,FW_ Update rate from China To India - Ocean Star_4.eml
2026-07-13,DALIAN,KOLKATA,150,150,ocean_star,as23@oceanstarsz.com,"INPPG/INMUZ/INPGH/INSH1,offer+USD150/150 on top above ICD allin rate",FW_ Update rate from China To India - Ocean Star_4.eml
2026-07-13,DALIAN,KOLKATA,1700,1800,ocean_star,as23@oceanstarsz.com,ESL via mun USD1700/1800 ETD 19-JULY,FW_ Update rate from China To India - Ocean Star_4.eml
2026-07-13,DALIAN,KOLKATA,1600,1600,ocean_star,as23@oceanstarsz.com,COSCO via mun USD1600/1600 ETD 24-JULY,FW_ Update rate from China To India - Ocean Star_4.eml
2026-07-13,DALIAN,KOLKATA,1930,2000,ocean_star,as23@oceanstarsz.com,ZIM via mun USD1930/2000 VALID 08-17 JULY,FW_ Update rate from China To India - Ocean Star_4.eml
2026-07-13,DALIAN,KOLKATA,1500,1600,ocean_star,as23@oceanstarsz.com,ONE via pip USD1500/1600 VALID 13-21 JULY,FW_ Update rate from China To India - Ocean Star_4.eml
2026-07-13,DALIAN,KOLKATA,1700,1700,ocean_star,as23@oceanstarsz.com,ESL via mun USD1700/1700 ETD 18-JULY,FW_ Update rate from China To India - Ocean Star_4.eml
2026-07-13,DALIAN,KOLKATA,1830,1830,ocean_star,as23@oceanstarsz.com,MSC via mun USD1830/1830 ETD 17/19-JULY,FW_ Update rate from China To India - Ocean Star_4.eml
2026-07-13,DALIAN,KOLKATA,1800,1800,ocean_star,as23@oceanstarsz.com,OOCL via pip USD1800/1800 ETD 17-JULY,FW_ Update rate from China To India - Ocean Star_4.eml
2026-07-13,DALIAN,KOLKATA,1850,1850,ocean_star,as23@oceanstarsz.com,COSCO via pip USD1850/1850 ETD 17-JULY,FW_ Update rate from China To India - Ocean Star_4.eml
2026-07-13,DALIAN,KOLKATA,,1800,ocean_star,as23@oceanstarsz.com,ONE via pip/mun USD1800/40HQ ETD 27/23-JULY,FW_ Update rate from China To India - Ocean Star_4.eml
2026-07-13,DALIAN,KOLKATA,1900,1900,ocean_star,as23@oceanstarsz.com,MSC via mun USD1900/1900 ETD 16-JULY,FW_ Update rate from China To India - Ocean Star_4.eml
2026-07-13,DALIAN,KOLKATA,1800,1800,ocean_star,as23@oceanstarsz.com,MSC via mun USD1800/1800 ETD 22-JULY,FW_ Update rate from China To India - Ocean Star_4.eml
2026-07-13,DALIAN,KOLKATA,1810,1810,ocean_star,as23@oceanstarsz.com,HMM via pip USD1810/1810 ETD 24-JULY,FW_ Update rate from China To India - Ocean Star_4.eml
2026-07-13,DALIAN,KOLKATA,1700,1800,ocean_star,as23@oceanstarsz.com,PERMA via mun USD1700/1800 ETD 23-JULY,FW_ Update rate from China To India - Ocean Star_4.eml
2026-07-13,DALIAN,KOLKATA,1650,1800,ocean_star,as23@oceanstarsz.com,OOCL via mun USD1650/1800 ETD 17/20-JULY,FW_ Update rate from China To India - Ocean Star_4.eml
2026-07-13,DALIAN,KOLKATA,1950,1950,ocean_star,as23@oceanstarsz.com,COSCO via mun USD1950/1950 ETD 17/20-JULY,FW_ Update rate from China To India - Ocean Star_4.eml
2026-07-13,DALIAN,KOLKATA,2025,2150,ocean_star,as23@oceanstarsz.com,ESL via mun USD2025/2150 ETD 17-JULY,FW_ Update rate from China To India - Ocean Star_4.eml
2026-07-13,DALIAN,KOLKATA,1850,2000,ocean_star,as23@oceanstarsz.com,PERMA via mun USD1850/2000 ETD 18-JULY,FW_ Update rate from China To India - Ocean Star_4.eml
2026-07-13,DALIAN,KOLKATA,1950,1950,ocean_star,as23@oceanstarsz.com,ONE via pip/mun USD1950/1950 ETD 14/19-JULY,FW_ Update rate from China To India - Ocean Star_4.eml
2026-07-13,DALIAN,KOLKATA,1800,1800,ocean_star,as23@oceanstarsz.com,ONE via pip/mun USD1800/1800 ETD 23/28-JULY,FW_ Update rate from China To India - Ocean Star_4.eml
2026-07-13,DALIAN,KOLKATA,1685,1710,ocean_star,as23@oceanstarsz.com,OOCL via pip USD1685/1710 ETD 19-JULY(YANGSHAN),FW_ Update rate from China To India - Ocean Star_4.eml
2026-07-13,DALIAN,KOLKATA,1685,1710,ocean_star,as23@oceanstarsz.com,OOCL via pip/mun USD1685/1710 ETD 22-JULY,FW_ Update rate from China To India - Ocean Star_4.eml
2026-07-13,DALIAN,KOLKATA,1785,1810,ocean_star,as23@oceanstarsz.com,OOCL via mun USD1785/1810 ETD 25-JULY,FW_ Update rate from China To India - Ocean Star_4.eml
2026-07-13,DALIAN,KOLKATA,1800,1800,ocean_star,as23@oceanstarsz.com,MSC via mun USD1800/1800 ETD 17-JULY,FW_ Update rate from China To India - Ocean Star_4.eml
2026-07-13,DALIAN,KOLKATA,2100,2100,ocean_star,as23@oceanstarsz.com,PERMA via mun USD2100/2100 ETD 17-JULY,FW_ Update rate from China To India - Ocean Star_4.eml
2026-07-13,DALIAN,KOLKATA,2000,2000,ocean_star,as23@oceanstarsz.com,PERMA via mun USD2000/2000 ETD 21-JULY,FW_ Update rate from China To India - Ocean Star_4.eml
2026-07-13,DALIAN,KOLKATA,,2350,ocean_star,as23@oceanstarsz.com,ONE via mun USD2350/40HQ ETD 20-JULY,FW_ Update rate from China To India - Ocean Star_4.eml
2026-07-13,DALIAN,KOLKATA,1950,2050,ocean_star,as23@oceanstarsz.com,ESL via mun USD1950/2050 ETD 20-JULY,FW_ Update rate from China To India - Ocean Star_4.eml
2026-07-13,DALIAN,KOLKATA,2200,2100,ocean_star,as23@oceanstarsz.com,COSCO via mun USD2200/2100 ETD 25-JULY,FW_ Update rate from China To India - Ocean Star_4.eml
2026-07-13,DALIAN,KOLKATA,2225,2225,ocean_star,as23@oceanstarsz.com,MSC via mun USD2225/2225 ETD 19-JULY,FW_ Update rate from China To India - Ocean Star_4.eml
2026-07-13,DALIAN,KOLKATA,2050,2100,ocean_star,as23@oceanstarsz.com,PERMA via mun USD2050/2100 ETD 21-JULY,FW_ Update rate from China To India - Ocean Star_4.eml
2026-07-13,DALIAN,KOLKATA,2000,2000,ocean_star,as23@oceanstarsz.com,COSCO via pip USD2000/2000 ETD 20-JULY,FW_ Update rate from China To India - Ocean Star_4.eml
2026-07-13,DALIAN,KOLKATA,2000,2050,ocean_star,as23@oceanstarsz.com,OOCL via pip USD2000/2050 ETD 26-JULY,FW_ Update rate from China To India - Ocean Star_4.eml
2026-07-13,DALIAN,KOLKATA,2025,2025,ocean_star,as23@oceanstarsz.com,MSC via mun USD2025/2025 ETD 22-JULY,FW_ Update rate from China To India - Ocean Star_4.eml
2026-07-13,DALIAN,KOLKATA,2225,2225,ocean_star,as23@oceanstarsz.com,MSC via mun USD2225/2225 ETD 14-JULY,FW_ Update rate from China To India - Ocean Star_4.eml
2026-07-10,SHENZHEN,NHAVA SHEVA,1575,1675,ocean_star,as23@oceanstarsz.com,EMC USD1575/1675 CLS15/16/18/19/22/25-Jul,FW_ Update rate from China To India - Ocean Star_5.eml
2026-07-10,SHENZHEN,NHAVA SHEVA,1700,1700,ocean_star,as23@oceanstarsz.com,WHL USD1700/1700 CLS11/13/17-Jul,FW_ Update rate from China To India - Ocean Star_5.eml
2026-07-10,SHENZHEN,NHAVA SHEVA,1700,1800,ocean_star,as23@oceanstarsz.com,ESL USD1700/1800 ETD20-Jul 10days free time,FW_ Update rate from China To India - Ocean Star_5.eml
2026-07-10,SHENZHEN,NHAVA SHEVA,1700,1800,ocean_star,as23@oceanstarsz.com,KMTC USD1700/1800 ETD15/18/19-Jul,FW_ Update rate from China To India - Ocean Star_5.eml
2026-07-10,SHENZHEN,NHAVA SHEVA,1650,1650,ocean_star,as23@oceanstarsz.com,IAL USD1650/1650 CLS12/13/17/18-Jul,FW_ Update rate from China To India - Ocean Star_5.eml
2026-07-10,SHENZHEN,NHAVA SHEVA,1700,1700,ocean_star,as23@oceanstarsz.com,RCL USD1700/1700 CLS18-Jul,FW_ Update rate from China To India - Ocean Star_5.eml
2026-07-10,SHENZHEN,NHAVA SHEVA,1355,1560,ocean_star,as23@oceanstarsz.com,HPL USD1355/1560 ETD23/24-Jul,FW_ Update rate from China To India - Ocean Star_5.eml
2026-07-10,SHENZHEN,NHAVA SHEVA,1600,1700,ocean_star,as23@oceanstarsz.com,SJJ USD1600/1700 CLS25-Jul,FW_ Update rate from China To India - Ocean Star_5.eml
2026-07-10,SHENZHEN,NHAVA SHEVA,1600,1700,ocean_star,as23@oceanstarsz.com,TSL USD1600/1700 CLS12/15/16-Jul,FW_ Update rate from China To India - Ocean Star_5.eml
2026-07-10,SHENZHEN,NHAVA SHEVA,1800,1800,ocean_star,as23@oceanstarsz.com,MSC USD1800/1800 CLS20-Jul,FW_ Update rate from China To India - Ocean Star_5.eml
2026-07-10,SHENZHEN,NHAVA SHEVA,1700,1700,ocean_star,as23@oceanstarsz.com,COSCO USD1700/1700 CLS19-Jul,FW_ Update rate from China To India - Ocean Star_5.eml
2026-07-10,SHENZHEN,NHAVA SHEVA,1930,1850,ocean_star,as23@oceanstarsz.com,ZIM USD1930/1850 CLS15-Jul,FW_ Update rate from China To India - Ocean Star_5.eml
2026-07-10,NANSHA,NHAVA SHEVA,1700,1800,ocean_star,as23@oceanstarsz.com,ESL USD1700/1800 ETD19-Jul 10days free time,FW_ Update rate from China To India - Ocean Star_5.eml
2026-07-10,NANSHA,NHAVA SHEVA,1700,1800,ocean_star,as23@oceanstarsz.com,RCL USD1700/1800 ETD18-Jul via shekou,FW_ Update rate from China To India - Ocean Star_5.eml
2026-07-10,NANSHA,NHAVA SHEVA,1650,1750,ocean_star,as23@oceanstarsz.com,EMC USD1650/1750 CLS18/23-Jul,FW_ Update rate from China To India - Ocean Star_5.eml
2026-07-10,NANSHA,NHAVA SHEVA,1800,1800,ocean_star,as23@oceanstarsz.com,MSC USD1800/1800 CLS14-Jul,FW_ Update rate from China To India - Ocean Star_5.eml
2026-07-10,NANSHA,NHAVA SHEVA,2200,2200,ocean_star,as23@oceanstarsz.com,IAL USD2200/2200 CLS17-Jul,FW_ Update rate from China To India - Ocean Star_5.eml
2026-07-10,NANSHA,NHAVA SHEVA,2100,2100,ocean_star,as23@oceanstarsz.com,WHL USD2100/2100 ETD12-Jul,FW_ Update rate from China To India - Ocean Star_5.eml
2026-07-10,NINGBO,NHAVA SHEVA,1750,1800,ocean_star,as23@oceanstarsz.com,IAL USD1750/1800 ETD19-Jul,FW_ Update rate from China To India - Ocean Star_5.eml
2026-07-10,NINGBO,NHAVA SHEVA,1750,1850,ocean_star,as23@oceanstarsz.com,BWL USD1750/1850 ETD15/17-Jul,FW_ Update rate from China To India - Ocean Star_5.eml
2026-07-10,NINGBO,NHAVA SHEVA,1850,1900,ocean_star,as23@oceanstarsz.com,PERMA USD1850/1900 ETD20-Jul,FW_ Update rate from China To India - Ocean Star_5.eml
2026-07-10,NINGBO,NHAVA SHEVA,1600,1700,ocean_star,as23@oceanstarsz.com,ASCL USD1600/1700 ETD12-Jul,FW_ Update rate from China To India - Ocean Star_5.eml
2026-07-10,NINGBO,NHAVA SHEVA,1900,1900,ocean_star,as23@oceanstarsz.com,RCL USD1900/1900 ETD17-Jul,FW_ Update rate from China To India - Ocean Star_5.eml
2026-07-10,NINGBO,NHAVA SHEVA,1800,1800,ocean_star,as23@oceanstarsz.com,EMC USD1800/1800 ETD20-Jul,FW_ Update rate from China To India - Ocean Star_5.eml
2026-07-10,NINGBO,NHAVA SHEVA,1800,1800,ocean_star,as23@oceanstarsz.com,WHL USD1800/1800 ETD21/24/25-Jul,FW_ Update rate from China To India - Ocean Star_5.eml
2026-07-10,NINGBO,NHAVA SHEVA,1800,1900,ocean_star,as23@oceanstarsz.com,OOCL USD1800/1900 ETD20-Jul,FW_ Update rate from China To India - Ocean Star_5.eml
2026-07-10,NINGBO,NHAVA SHEVA,1850,1950,ocean_star,as23@oceanstarsz.com,PIL USD1850/1950 ETD17-Jul,FW_ Update rate from China To India - Ocean Star_5.eml
2026-07-10,NINGBO,NHAVA SHEVA,1900,1900,ocean_star,as23@oceanstarsz.com,MSC USD1900/1900 ETD16-Jul,FW_ Update rate from China To India - Ocean Star_5.eml
2026-07-10,NINGBO,NHAVA SHEVA,1750,1850,ocean_star,as23@oceanstarsz.com,TSL USD1750/1850 ETD20/22/23-Jul,FW_ Update rate from China To India - Ocean Star_5.eml
2026-07-10,NINGBO,NHAVA SHEVA,1900,1900,ocean_star,as23@oceanstarsz.com,ZIM USD1900/1900 ETD14-Jul,FW_ Update rate from China To India - Ocean Star_5.eml
2026-07-10,NINGBO,NHAVA SHEVA,1960,1960,ocean_star,as23@oceanstarsz.com,HMM USD1960/1960 ETD14-Jul,FW_ Update rate from China To India - Ocean Star_5.eml
2026-07-10,NINGBO,NHAVA SHEVA,1950,1950,ocean_star,as23@oceanstarsz.com,ESL USD1950/1950 ETD15-Jul 10days free time,FW_ Update rate from China To India - Ocean Star_5.eml
2026-07-10,SHANGHAI,NHAVA SHEVA,1800,1800,ocean_star,as23@oceanstarsz.com,MSC USD1800/1800 ETD14-Jul,FW_ Update rate from China To India - Ocean Star_5.eml
2026-07-10,SHANGHAI,NHAVA SHEVA,1600,1700,ocean_star,as23@oceanstarsz.com,PERMA USD1600/1700 ETD16-Jul,FW_ Update rate from China To India - Ocean Star_5.eml
2026-07-10,SHANGHAI,NHAVA SHEVA,1750,1900,ocean_star,as23@oceanstarsz.com,SNL USD1750/1900 ETD19-Jul,FW_ Update rate from China To India - Ocean Star_5.eml
2026-07-10,SHANGHAI,NHAVA SHEVA,1700,1800,ocean_star,as23@oceanstarsz.com,HDS USD1700/1800 ETD21-Jul,FW_ Update rate from China To India - Ocean Star_5.eml
2026-07-10,SHANGHAI,NHAVA SHEVA,1850,1925,ocean_star,as23@oceanstarsz.com,IAL USD1850/1925 ETD18-Jul,FW_ Update rate from China To India - Ocean Star_5.eml
2026-07-10,SHANGHAI,NHAVA SHEVA,1800,1775,ocean_star,as23@oceanstarsz.com,HAL USD1800/1775 ETD20-Jul,FW_ Update rate from China To India - Ocean Star_5.eml
2026-07-10,SHANGHAI,NHAVA SHEVA,2025,2150,ocean_star,as23@oceanstarsz.com,ESL USD2025/2150 ETD17-Jul,FW_ Update rate from China To India - Ocean Star_5.eml
2026-07-10,SHANGHAI,NHAVA SHEVA,1950,2050,ocean_star,as23@oceanstarsz.com,RCL USD1950/2050 ETD14-Jul,FW_ Update rate from China To India - Ocean Star_5.eml
2026-07-10,SHANGHAI,NHAVA SHEVA,1962,1912,ocean_star,as23@oceanstarsz.com,PIL USD1962/1912 ETD16-Jul,FW_ Update rate from China To India - Ocean Star_5.eml
2026-07-10,SHANGHAI,NHAVA SHEVA,,2100,ocean_star,as23@oceanstarsz.com,COSCO USD2100/40HQ ETD17-Jul,FW_ Update rate from China To India - Ocean Star_5.eml
2026-07-10,SHANGHAI,NHAVA SHEVA,1775,1850,ocean_star,as23@oceanstarsz.com,KMTC USD1775/1850 ETD20/21-Jul,FW_ Update rate from China To India - Ocean Star_5.eml
2026-07-10,SHANGHAI,NHAVA SHEVA,1700,1800,ocean_star,as23@oceanstarsz.com,EMC USD1700/1800 ETD17-Jul,FW_ Update rate from China To India - Ocean Star_5.eml
2026-07-10,SHANGHAI,NHAVA SHEVA,1900,1900,ocean_star,as23@oceanstarsz.com,YML USD1900/1900 ETD14-Jul,FW_ Update rate from China To India - Ocean Star_5.eml
2026-07-10,SHANGHAI,NHAVA SHEVA,1935,1960,ocean_star,as23@oceanstarsz.com,OOCL USD1935/1960 ETD15-Jul,FW_ Update rate from China To India - Ocean Star_5.eml
2026-07-10,SHANGHAI,NHAVA SHEVA,1835,1860,ocean_star,as23@oceanstarsz.com,OOCL USD1835/1860 ETD19-Jul,FW_ Update rate from China To India - Ocean Star_5.eml
2026-07-10,SHANGHAI,NHAVA SHEVA,1900,1900,ocean_star,as23@oceanstarsz.com,WHL USD1900/1900 ETD20-Jul,FW_ Update rate from China To India - Ocean Star_5.eml
2026-07-10,QINGDAO,NHAVA SHEVA,2100,2100,ocean_star,as23@oceanstarsz.com,PERMA USD2100/2100 ETD17-Jul,FW_ Update rate from China To India - Ocean Star_5.eml
2026-07-10,QINGDAO,NHAVA SHEVA,2000,2000,ocean_star,as23@oceanstarsz.com,PERMA USD2000/2000 ETD23-Jul,FW_ Update rate from China To India - Ocean Star_5.eml
2026-07-10,QINGDAO,NHAVA SHEVA,,2200,ocean_star,as23@oceanstarsz.com,MSK USD2200/40HQ ETD17--Jul cancel fee USD200/cntr,FW_ Update rate from China To India - Ocean Star_5.eml
2026-07-10,QINGDAO,NHAVA SHEVA,2175,2200,ocean_star,as23@oceanstarsz.com,BWL USD2175/2200 ETD20-Jul,FW_ Update rate from China To India - Ocean Star_5.eml
2026-07-10,QINGDAO,NHAVA SHEVA,2050,2050,ocean_star,as23@oceanstarsz.com,RCL USD2050/2050 ETD23-Jul,FW_ Update rate from China To India - Ocean Star_5.eml
2026-07-10,QINGDAO,NHAVA SHEVA,2200,2200,ocean_star,as23@oceanstarsz.com,WHL USD2200/2200 ETD17-Jul,FW_ Update rate from China To India - Ocean Star_5.eml
2026-07-10,QINGDAO,NHAVA SHEVA,2250,2250,ocean_star,as23@oceanstarsz.com,EMC USD2250/2250 ETD19/21-Jul,FW_ Update rate from China To India - Ocean Star_5.eml
2026-07-10,QINGDAO,NHAVA SHEVA,2300,2150,ocean_star,as23@oceanstarsz.com,COSCO USD2300/2150 ETD16/21-Jul,FW_ Update rate from China To India - Ocean Star_5.eml
2026-07-10,QINGDAO,NHAVA SHEVA,2150,2250,ocean_star,as23@oceanstarsz.com,ESL USD2150/2250 ETD14-Jul,FW_ Update rate from China To India - Ocean Star_5.eml
2026-07-10,QINGDAO,NHAVA SHEVA,,2350,ocean_star,as23@oceanstarsz.com,ONE USD2350/40HQ ETD15/20-Jul,FW_ Update rate from China To India - Ocean Star_5.eml
2026-07-10,TIANJIN,NHAVA SHEVA,2050,2100,ocean_star,as23@oceanstarsz.com,PERMA USD2050/2100 ETD21-Jul,FW_ Update rate from China To India - Ocean Star_5.eml
2026-07-10,TIANJIN,NHAVA SHEVA,2100,2150,ocean_star,as23@oceanstarsz.com,EMC USD2100/2150 ETD18/21-Jul,FW_ Update rate from China To India - Ocean Star_5.eml
2026-07-10,TIANJIN,NHAVA SHEVA,2225,2225,ocean_star,as23@oceanstarsz.com,MSC USD2225/2225 ETD15-Jul,FW_ Update rate from China To India - Ocean Star_5.eml
2026-07-10,TIANJIN,NHAVA SHEVA,2100,2450,ocean_star,as23@oceanstarsz.com,ESL USD2100/2450 ETD17/21-Jul,FW_ Update rate from China To India - Ocean Star_5.eml
2026-07-10,TIANJIN,NHAVA SHEVA,2400,2500,ocean_star,as23@oceanstarsz.com,KMTC USD2400/2500 Valid from 12-Jul to 18-Jul,FW_ Update rate from China To India - Ocean Star_5.eml
2026-07-10,TIANJIN,NHAVA SHEVA,2000,2000,ocean_star,as23@oceanstarsz.com,WHL USD2000/2000 Valid from 13-Jul to 19-Jul indirect,FW_ Update rate from China To India - Ocean Star_5.eml
2026-07-10,TIANJIN,NHAVA SHEVA,2100,2100,ocean_star,as23@oceanstarsz.com,RCL USD2100/2100 ETD25-Jul,FW_ Update rate from China To India - Ocean Star_5.eml
2026-07-10,TIANJIN,NHAVA SHEVA,2100,2200,ocean_star,as23@oceanstarsz.com,TSL USD2100/2200 ETD21-Jul,FW_ Update rate from China To India - Ocean Star_5.eml
2026-07-10,XIAMEN,NHAVA SHEVA,1700,1700,ocean_star,as23@oceanstarsz.com,ESL USD1700/1700 ETD18-Jul,FW_ Update rate from China To India - Ocean Star_5.eml
2026-07-10,XIAMEN,NHAVA SHEVA,1800,1800,ocean_star,as23@oceanstarsz.com,COSCO USD1800/1800 ETD14-Jul,FW_ Update rate from China To India - Ocean Star_5.eml
2026-07-10,XIAMEN,NHAVA SHEVA,1750,1750,ocean_star,as23@oceanstarsz.com,OOCL USD1750/1750 ETD14-Jul,FW_ Update rate from China To India - Ocean Star_5.eml
2026-07-10,XIAMEN,NHAVA SHEVA,1600,1650,ocean_star,as23@oceanstarsz.com,EMC USD1600/1650 ETD18-Jul,FW_ Update rate from China To India - Ocean Star_5.eml
2026-07-10,XIAMEN,NHAVA SHEVA,1850,1850,ocean_star,as23@oceanstarsz.com,MSC USD1850/1850 ETD17/19-Jul,FW_ Update rate from China To India - Ocean Star_5.eml
2026-07-10,DALIAN,NHAVA SHEVA,2225,2225,ocean_star,as23@oceanstarsz.com,MSC USD2225/2225 Valid from13-Jul to 19-Jul,FW_ Update rate from China To India - Ocean Star_5.eml
2026-07-10,DALIAN,NHAVA SHEVA,2150,2150,ocean_star,as23@oceanstarsz.com,EMC USD2150/2150 Valid from15-Jul to 21-Jul,FW_ Update rate from China To India - Ocean Star_5.eml
2026-07-10,DALIAN,NHAVA SHEVA,2125,2125,ocean_star,as23@oceanstarsz.com,WHL USD2125/2125 Valid from15-Jul to 21-Jul,FW_ Update rate from China To India - Ocean Star_5.eml
2026-07-10,DALIAN,NHAVA SHEVA,2100,2100,ocean_star,as23@oceanstarsz.com,IAL USD2100/2100 ETD20-Jul indirect,FW_ Update rate from China To India - Ocean Star_5.eml
2026-07-10,SHEKOU,CHENNAI,,2200,ocean_star,as23@oceanstarsz.com,"COSCO USD2200/40HQ, CLS: 16-July",FW_ Update rate from China To India - Ocean Star_5.eml
2026-07-10,SHEKOU,CHENNAI,2100,2100,ocean_star,as23@oceanstarsz.com,"WHL USD2100/2100, CLS: 17-July",FW_ Update rate from China To India - Ocean Star_5.eml
2026-07-10,SHEKOU,CHENNAI,2200,2250,ocean_star,as23@oceanstarsz.com,"NAMSUNG USD2200/2250, CLS: 20-July",FW_ Update rate from China To India - Ocean Star_5.eml
2026-07-10,SHEKOU,CHENNAI,2300,2400,ocean_star,as23@oceanstarsz.com,"SJJ USD2300/2400, CLS: 18-July",FW_ Update rate from China To India - Ocean Star_5.eml
2026-07-10,SHEKOU,CHENNAI,2300,2700,ocean_star,as23@oceanstarsz.com,"SKR USD2300/2700, CLS: 15-July",FW_ Update rate from China To India - Ocean Star_5.eml
2026-07-10,NANSHA,CHENNAI,1900,2000,ocean_star,as23@oceanstarsz.com,"RCL USD1900/2000, CLS: 17-July",FW_ Update rate from China To India - Ocean Star_5.eml
2026-07-10,NANSHA,CHENNAI,2000,2000,ocean_star,as23@oceanstarsz.com,"WHL USD2000/2000, CLS: 19-July",FW_ Update rate from China To India - Ocean Star_5.eml
2026-07-10,NANSHA,CHENNAI,2050,2050,ocean_star,as23@oceanstarsz.com,"NAMSUNG USD2050/2050, CLS: 19-July",FW_ Update rate from China To India - Ocean Star_5.eml
2026-07-10,NANSHA,CHENNAI,2150,2150,ocean_star,as23@oceanstarsz.com,"IAL USD2150/2150, CLS: 16/17/19-July",FW_ Update rate from China To India - Ocean Star_5.eml
2026-07-10,NANSHA,CHENNAI,2050,2100,ocean_star,as23@oceanstarsz.com,"COSCO USD2050/2100, rate valid to 21-July",FW_ Update rate from China To India - Ocean Star_5.eml
2026-07-10,NINGBO,CHENNAI,2000,2250,ocean_star,as23@oceanstarsz.com,"ESL USD2000/2250, ETD: 19-July",FW_ Update rate from China To India - Ocean Star_5.eml
2026-07-10,NINGBO,CHENNAI,2000,2100,ocean_star,as23@oceanstarsz.com,"PIL USD2000/2100, ETD: 16-July",FW_ Update rate from China To India - Ocean Star_5.eml
2026-07-10,NINGBO,CHENNAI,2100,2100,ocean_star,as23@oceanstarsz.com,"IAL USD2100/2100, ETD: 17-July",FW_ Update rate from China To India - Ocean Star_5.eml
2026-07-10,NINGBO,CHENNAI,,2100,ocean_star,as23@oceanstarsz.com,"RCL USD2100/40HQ, ETD: 15-July",FW_ Update rate from China To India - Ocean Star_5.eml
2026-07-10,NINGBO,CHENNAI,,2100,ocean_star,as23@oceanstarsz.com,"NAMSUNG USD2100/40HQ, ETD: 15-July",FW_ Update rate from China To India - Ocean Star_5.eml
2026-07-10,SHANGHAI,CHENNAI,1850,2100,ocean_star,as23@oceanstarsz.com,"PIL USD1850/2100, ETD: 16-July",FW_ Update rate from China To India - Ocean Star_5.eml
2026-07-10,SHANGHAI,CHENNAI,1970,2140,ocean_star,as23@oceanstarsz.com,"SNL USD1970/2140, ETD: 16/18-July",FW_ Update rate from China To India - Ocean Star_5.eml
2026-07-10,SHANGHAI,CHENNAI,1850,2000,ocean_star,as23@oceanstarsz.com,"KMTC USD1850/2000, ETD: 16/17-July",FW_ Update rate from China To India - Ocean Star_5.eml
2026-07-10,SHANGHAI,CHENNAI,1800,1950,ocean_star,as23@oceanstarsz.com,"ESL USD1800/1950, ETD: 18-July",FW_ Update rate from China To India - Ocean Star_5.eml
2026-07-10,SHANGHAI,CHENNAI,1900,1900,ocean_star,as23@oceanstarsz.com,"WHL USD1900/1900, ETD: 20-July",FW_ Update rate from China To India - Ocean Star_5.eml
2026-07-10,SHANGHAI,CHENNAI,2100,2100,ocean_star,as23@oceanstarsz.com,"EMC USD2100/2100, ETD: 17-July",FW_ Update rate from China To India - Ocean Star_5.eml
2026-07-10,QINGDAO,CHENNAI,1750,1750,ocean_star,as23@oceanstarsz.com,"MSC USD1750/1750, ETD: 16-July",FW_ Update rate from China To India - Ocean Star_5.eml
2026-07-10,QINGDAO,CHENNAI,2190,2490,ocean_star,as23@oceanstarsz.com,"SITC USD2190/2490, ETD: 16-July",FW_ Update rate from China To India - Ocean Star_5.eml
2026-07-10,QINGDAO,CHENNAI,2200,2400,ocean_star,as23@oceanstarsz.com,"SNL USD2200/2400, ETD: 15-July",FW_ Update rate from China To India - Ocean Star_5.eml
2026-07-10,QINGDAO,CHENNAI,2125,2425,ocean_star,as23@oceanstarsz.com,"TSL USD2125/2425, ETD: 16-July",FW_ Update rate from China To India - Ocean Star_5.eml
2026-07-10,QINGDAO,CHENNAI,2400,2500,ocean_star,as23@oceanstarsz.com,"SNL USD2400/2500, ETD: 22-July",FW_ Update rate from China To India - Ocean Star_5.eml
2026-07-10,TIANJIN,CHENNAI,1700,1800,ocean_star,as23@oceanstarsz.com,"RCL USD1700/1800, ETD: 19-July",FW_ Update rate from China To India - Ocean Star_5.eml
2026-07-10,TIANJIN,CHENNAI,1800,1800,ocean_star,as23@oceanstarsz.com,"WHL USD1800/1800, ETD: 18-July",FW_ Update rate from China To India - Ocean Star_5.eml
2026-07-10,TIANJIN,CHENNAI,1700,1700,ocean_star,as23@oceanstarsz.com,"COSCO USD1700/1700, ETD: 17-July",FW_ Update rate from China To India - Ocean Star_5.eml
2026-07-10,TIANJIN,CHENNAI,1750,1750,ocean_star,as23@oceanstarsz.com,"MSC USD1750/1750, Rate valid to 19-July",FW_ Update rate from China To India - Ocean Star_5.eml
2026-07-10,TIANJIN,CHENNAI,1900,2000,ocean_star,as23@oceanstarsz.com,"KMTC USD1900/2000, Rate valid to 18-July",FW_ Update rate from China To India - Ocean Star_5.eml
2026-07-10,XIAMEN,CHENNAI,1450,1850,ocean_star,as23@oceanstarsz.com,"PIL USD1450/1850, ETD: 13-July",FW_ Update rate from China To India - Ocean Star_5.eml
2026-07-10,XIAMEN,CHENNAI,1500,1550,ocean_star,as23@oceanstarsz.com,"RCL USD1500/1550, ETD: 14-July",FW_ Update rate from China To India - Ocean Star_5.eml
2026-07-10,XIAMEN,CHENNAI,1600,1650,ocean_star,as23@oceanstarsz.com,"OOCL USD1600/1650, ETD: 14-July",FW_ Update rate from China To India - Ocean Star_5.eml
2026-07-10,XIAMEN,CHENNAI,1600,1700,ocean_star,as23@oceanstarsz.com,"CMA USD1600/1700, ETD: 14-July",FW_ Update rate from China To India - Ocean Star_5.eml
2026-07-10,XIAMEN,CHENNAI,1750,1850,ocean_star,as23@oceanstarsz.com,"COSCO USD1750/1850, ETD: 14-July",FW_ Update rate from China To India - Ocean Star_5.eml
2026-07-10,DALIAN,CHENNAI,1850,1950,ocean_star,as23@oceanstarsz.com,"IAL USD1850/1950, ETD: 20-July",FW_ Update rate from China To India - Ocean Star_5.eml
2026-07-10,DALIAN,CHENNAI,1725,1725,ocean_star,as23@oceanstarsz.com,"MSC USD1725/1725, Rate valid to 19-July",FW_ Update rate from China To India - Ocean Star_5.eml
2026-07-10,DALIAN,CHENNAI,1800,1900,ocean_star,as23@oceanstarsz.com,"EMC USD1800/1900, Rate valid to 21-July",FW_ Update rate from China To India - Ocean Star_5.eml
2026-07-10,DALIAN,CHENNAI,1975,2075,ocean_star,as23@oceanstarsz.com,"WHL USD1975/2075, Rate valid to 15-July",FW_ Update rate from China To India - Ocean Star_5.eml
2026-07-10,SHENZHEN,KOLKATA,1650,1950,ocean_star,as23@oceanstarsz.com,RCL USD1650/1950  ETD17-JUL,FW_ Update rate from China To India - Ocean Star_5.eml
2026-07-10,SHENZHEN,KOLKATA,1850,2350,ocean_star,as23@oceanstarsz.com,WHL USD1850/2350 ETD15-JUL,FW_ Update rate from China To India - Ocean Star_5.eml
2026-07-10,SHENZHEN,KOLKATA,2050,3050,ocean_star,as23@oceanstarsz.com,PIL USD2050/3050 ETD123-JUL,FW_ Update rate from China To India - Ocean Star_5.eml
2026-07-10,SHENZHEN,KOLKATA,1950,1950,ocean_star,as23@oceanstarsz.com,MSC USD1950/1950 Rate valid till 19TH JUL,FW_ Update rate from China To India - Ocean Star_5.eml
2026-07-10,SHENZHEN,KOLKATA,1550,1750,ocean_star,as23@oceanstarsz.com,ONE USD1550/1750  Rate valid till 21TH JUL,FW_ Update rate from China To India - Ocean Star_5.eml
2026-07-10,SHENZHEN,KOLKATA,1750,1750,ocean_star,as23@oceanstarsz.com,COSCO USD1750/1750 Rate valid till 21TH JUL,FW_ Update rate from China To India - Ocean Star_5.eml
2026-07-10,NANSHA,KOLKATA,1650,1850,ocean_star,as23@oceanstarsz.com,ONE USD1650/1850  Rate valid till 21TH JUL,FW_ Update rate from China To India - Ocean Star_5.eml
2026-07-10,NANSHA,KOLKATA,1950,1950,ocean_star,as23@oceanstarsz.com,MSC USD1950/1950 Rate valid till 19TH JUL,FW_ Update rate from China To India - Ocean Star_5.eml
2026-07-10,NANSHA,KOLKATA,1750,1750,ocean_star,as23@oceanstarsz.com,COSCO USD1750/1750 Rate valid till 21TH JUL,FW_ Update rate from China To India - Ocean Star_5.eml
2026-07-10,NANSHA,KOLKATA,1650,1950,ocean_star,as23@oceanstarsz.com,RCL USD1650/1950 ETD17-JUL,FW_ Update rate from China To India - Ocean Star_5.eml
2026-07-10,NINGBO,KOLKATA,1600,1800,ocean_star,as23@oceanstarsz.com,RCL USD1600/1800 ETD17-JUL,FW_ Update rate from China To India - Ocean Star_5.eml
2026-07-10,NINGBO,KOLKATA,2350,2800,ocean_star,as23@oceanstarsz.com,SITC USD2350/2800 ETD24-JUL,FW_ Update rate from China To India - Ocean Star_5.eml
2026-07-10,NINGBO,KOLKATA,2050,2050,ocean_star,as23@oceanstarsz.com,MSC USD2050/2050 ETD14-JUL,FW_ Update rate from China To India - Ocean Star_5.eml
2026-07-10,NINGBO,KOLKATA,1950,2250,ocean_star,as23@oceanstarsz.com,PIL USD1950/2250 ETD16-JUL,FW_ Update rate from China To India - Ocean Star_5.eml
2026-07-10,NINGBO,KOLKATA,2050,2250,ocean_star,as23@oceanstarsz.com,YML USD2050/2250  ETD17-JUL,FW_ Update rate from China To India - Ocean Star_5.eml
2026-07-10,NINGBO,KOLKATA,1500,1700,ocean_star,as23@oceanstarsz.com,MTT USD1500/1700 ETD16-JUL,FW_ Update rate from China To India - Ocean Star_5.eml
2026-07-10,NINGBO,KOLKATA,1450,2350,ocean_star,as23@oceanstarsz.com,WHL USD1450/2350 ETD13-JUL,FW_ Update rate from China To India - Ocean Star_5.eml
2026-07-10,SHANGHAI,KOLKATA,1600,2150,ocean_star,as23@oceanstarsz.com,RCL USD1600/2150 ETD11-JUL,FW_ Update rate from China To India - Ocean Star_5.eml
2026-07-10,SHANGHAI,KOLKATA,1950,1950,ocean_star,as23@oceanstarsz.com,MSC USD1950/1950  ETD15-JUL,FW_ Update rate from China To India - Ocean Star_5.eml
2026-07-10,SHANGHAI,KOLKATA,1700,2300,ocean_star,as23@oceanstarsz.com,WHL USD1700/2300 ETD20-JUL,FW_ Update rate from China To India - Ocean Star_5.eml
2026-07-10,SHANGHAI,KOLKATA,1775,2300,ocean_star,as23@oceanstarsz.com,PIL USD1775/2300 ETD16-JUL,FW_ Update rate from China To India - Ocean Star_5.eml
2026-07-10,SHANGHAI,KOLKATA,2450,3200,ocean_star,as23@oceanstarsz.com,SITC USD2450/3200 ETD15-JUL,FW_ Update rate from China To India - Ocean Star_5.eml
2026-07-10,SHANGHAI,KOLKATA,1900,2200,ocean_star,as23@oceanstarsz.com,YML USD1900/2200  ETD21-JUL,FW_ Update rate from China To India - Ocean Star_5.eml
2026-07-10,XIAMEN,KOLKATA,1800,2050,ocean_star,as23@oceanstarsz.com,RCL USD1800/2050 ETD14-JUL,FW_ Update rate from China To India - Ocean Star_5.eml
2026-07-10,XIAMEN,KOLKATA,1750,2550,ocean_star,as23@oceanstarsz.com,PIL USD1750/2550 ETD11-JUL,FW_ Update rate from China To India - Ocean Star_5.eml
2026-07-10,XIAMEN,KOLKATA,1850,2050,ocean_star,as23@oceanstarsz.com,COSCO USD1850/2050 ETD13-JUL,FW_ Update rate from China To India - Ocean Star_5.eml
2026-07-10,XIAMEN,KOLKATA,2000,2000,ocean_star,as23@oceanstarsz.com,MSC USD2000/2000 ETD17/19-JUL,FW_ Update rate from China To India - Ocean Star_5.eml
2026-07-10,QINGDAO,KOLKATA,2200,2200,ocean_star,as23@oceanstarsz.com,MSC USD2200/2200 ETD16-JUL,FW_ Update rate from China To India - Ocean Star_5.eml
2026-07-10,QINGDAO,KOLKATA,2350,2650,ocean_star,as23@oceanstarsz.com,WHL USD2350/2650 ETD17-JUL,FW_ Update rate from China To India - Ocean Star_5.eml
2026-07-10,QINGDAO,KOLKATA,2600,2900,ocean_star,as23@oceanstarsz.com,"SITC USD2600/2900  ETD19-JUL,20GP/40HQ over 20.9T+100/100",FW_ Update rate from China To India - Ocean Star_5.eml
2026-07-10,QINGDAO,KOLKATA,2050,2350,ocean_star,as23@oceanstarsz.com,RCL USD2050/2350 ETD23-JUL,FW_ Update rate from China To India - Ocean Star_5.eml
2026-07-10,TIANJIN,KOLKATA,2200,2200,ocean_star,as23@oceanstarsz.com,MSC USD2200/2200 ETD15-JUL,FW_ Update rate from China To India - Ocean Star_5.eml
2026-07-10,TIANJIN,KOLKATA,1950,1950,ocean_star,as23@oceanstarsz.com,COSCO USD1950/1950 ETD15-JUL,FW_ Update rate from China To India - Ocean Star_5.eml
2026-07-10,TIANJIN,KOLKATA,2350,2450,ocean_star,as23@oceanstarsz.com,RCL USD2350/2450 ETD19-JUL,FW_ Update rate from China To India - Ocean Star_5.eml
2026-07-10,DALIAN,KOLKATA,2200,2200,ocean_star,as23@oceanstarsz.com,MSC USD2200/2200 ETD14-JUL,FW_ Update rate from China To India - Ocean Star_5.eml
2026-07-10,DALIAN,KOLKATA,2300,2300,ocean_star,as23@oceanstarsz.com,IAL USD2300/2300 ETD13-JUL,FW_ Update rate from China To India - Ocean Star_5.eml
2026-07-10,DALIAN,KOLKATA,2250,2550,ocean_star,as23@oceanstarsz.com,WHL USD2250/2550 ETD17/21-JUL,FW_ Update rate from China To India - Ocean Star_5.eml
2026-07-10,DALIAN,KOLKATA,1400,1600,ocean_star,as23@oceanstarsz.com,ONE via pip USD1400/1600 ETD 12/18-JULY,FW_ Update rate from China To India - Ocean Star_5.eml
2026-07-10,DALIAN,KOLKATA,1930,1850,ocean_star,as23@oceanstarsz.com,ZIM via mun USD1930/1850 ETD 16-JULY(DCB),FW_ Update rate from China To India - Ocean Star_5.eml
2026-07-10,DALIAN,KOLKATA,1800,1800,ocean_star,as23@oceanstarsz.com,COSCO via pip/mun USD1800/1800 ETD 13/20-JULY,FW_ Update rate from China To India - Ocean Star_5.eml
2026-07-10,DALIAN,KOLKATA,1700,1800,ocean_star,as23@oceanstarsz.com,ESL via mun USD1700/1800 ETD 20-JULY(DCB),FW_ Update rate from China To India - Ocean Star_5.eml
2026-07-10,DALIAN,KOLKATA,2000,2000,ocean_star,as23@oceanstarsz.com,MSC via mun USD2000/2000 ETD 19-JULY,FW_ Update rate from China To India - Ocean Star_5.eml
2026-07-10,DALIAN,KOLKATA,1660,1660,ocean_star,as23@oceanstarsz.com,HMM via pip USD1660/1660 ETD 18-JULY,FW_ Update rate from China To India - Ocean Star_5.eml
2026-07-10,DALIAN,KOLKATA,2460,2660,ocean_star,as23@oceanstarsz.com,"HMM via pip  USD2460/2660 ETD 18-JULY.ihc prepaid .(ICD TKD, Dadri, PIYALA, FARIDABAD)",FW_ Update rate from China To India - Ocean Star_5.eml
2026-07-10,DALIAN,KOLKATA,,3114,ocean_star,as23@oceanstarsz.com,CMA via pip/mun USD3114/40HQ ETD 15/14-JULY.ihc prepaid,FW_ Update rate from China To India - Ocean Star_5.eml
2026-07-10,DALIAN,KOLKATA,150,150,ocean_star,as23@oceanstarsz.com,"INPPG/INMUZ/INPGH/INSH1,offer+USD150/150 on top above ICD allin rate",FW_ Update rate from China To India - Ocean Star_5.eml
2026-07-10,DALIAN,KOLKATA,1700,1800,ocean_star,as23@oceanstarsz.com,ESL via mun USD1700/1800 ETD 19-JULY,FW_ Update rate from China To India - Ocean Star_5.eml
2026-07-10,DALIAN,KOLKATA,1930,2000,ocean_star,as23@oceanstarsz.com,ZIM via mun USD1930/2000 VALID 08-17 JULY,FW_ Update rate from China To India - Ocean Star_5.eml
2026-07-10,DALIAN,KOLKATA,1750,1950,ocean_star,as23@oceanstarsz.com,ONE via pip USD1750/1950 VALID 06-13 JULY,FW_ Update rate from China To India - Ocean Star_5.eml
2026-07-10,DALIAN,KOLKATA,1500,1600,ocean_star,as23@oceanstarsz.com,ONE via pip USD1500/1600 VALID 13-21 JULY,FW_ Update rate from China To India - Ocean Star_5.eml
2026-07-10,DALIAN,KOLKATA,1700,1700,ocean_star,as23@oceanstarsz.com,ESL via mun USD1700/1700 ETD 18-JULY,FW_ Update rate from China To India - Ocean Star_5.eml
2026-07-10,DALIAN,KOLKATA,1830,1830,ocean_star,as23@oceanstarsz.com,MSC via mun USD1830/1830 ETD 17/19-JULY,FW_ Update rate from China To India - Ocean Star_5.eml
2026-07-10,DALIAN,KOLKATA,1800,1800,ocean_star,as23@oceanstarsz.com,OOCL via pip USD1800/1800 ETD 17-JULY,FW_ Update rate from China To India - Ocean Star_5.eml
2026-07-10,DALIAN,KOLKATA,1850,1850,ocean_star,as23@oceanstarsz.com,COSCO via pip USD1850/1850 ETD 17-JULY,FW_ Update rate from China To India - Ocean Star_5.eml
2026-07-10,DALIAN,KOLKATA,1900,1900,ocean_star,as23@oceanstarsz.com,MSC via mun USD1900/1900 ETD 14-JULY,FW_ Update rate from China To India - Ocean Star_5.eml
2026-07-10,DALIAN,KOLKATA,1800,1800,ocean_star,as23@oceanstarsz.com,MSC via mun USD1800/1800 ETD 20-JULY,FW_ Update rate from China To India - Ocean Star_5.eml
2026-07-10,DALIAN,KOLKATA,1900,1900,ocean_star,as23@oceanstarsz.com,ZIM via mun USD1900/1900 ETD 13-JULY,FW_ Update rate from China To India - Ocean Star_5.eml
2026-07-10,DALIAN,KOLKATA,1800,1850,ocean_star,as23@oceanstarsz.com,PERMA via mun USD1800/1850 ETD 17-JULY,FW_ Update rate from China To India - Ocean Star_5.eml
2026-07-10,DALIAN,KOLKATA,1950,1950,ocean_star,as23@oceanstarsz.com,ESL via mun USD1950/1950 ETD 15-JULY,FW_ Update rate from China To India - Ocean Star_5.eml
2026-07-10,DALIAN,KOLKATA,1800,2000,ocean_star,as23@oceanstarsz.com,OOCL via mun USD1800/2000 ETD 17/20-JULY,FW_ Update rate from China To India - Ocean Star_5.eml
2026-07-10,DALIAN,KOLKATA,1950,1950,ocean_star,as23@oceanstarsz.com,COSCO via mun USD1950/1950 ETD 17/20-JULY,FW_ Update rate from China To India - Ocean Star_5.eml
2026-07-10,DALIAN,KOLKATA,2025,2150,ocean_star,as23@oceanstarsz.com,ESL via mun USD2025/2150 ETD 17-JULY,FW_ Update rate from China To India - Ocean Star_5.eml
2026-07-10,DALIAN,KOLKATA,1850,2000,ocean_star,as23@oceanstarsz.com,PERMA via mun USD1850/2000 ETD 18-JULY,FW_ Update rate from China To India - Ocean Star_5.eml
2026-07-10,DALIAN,KOLKATA,1950,1950,ocean_star,as23@oceanstarsz.com,ONE via pip/mun USD1950/1950 ETD 14/19-JULY,FW_ Update rate from China To India - Ocean Star_5.eml
2026-07-10,DALIAN,KOLKATA,1800,1800,ocean_star,as23@oceanstarsz.com,ONE via pip/mun USD1800/1800 ETD 23/28-JULY,FW_ Update rate from China To India - Ocean Star_5.eml
2026-07-10,DALIAN,KOLKATA,1835,1860,ocean_star,as23@oceanstarsz.com,OOCL via pip USD1835/1860 ETD 19-JULY(YANGSHAN),FW_ Update rate from China To India - Ocean Star_5.eml
2026-07-10,DALIAN,KOLKATA,2035,2060,ocean_star,as23@oceanstarsz.com,OOCL via mun USD2035/2060 ETD 15-JULY,FW_ Update rate from China To India - Ocean Star_5.eml
2026-07-10,DALIAN,KOLKATA,1935,1960,ocean_star,as23@oceanstarsz.com,OOCL via pip USD1935/1960 ETD 12-JULY,FW_ Update rate from China To India - Ocean Star_5.eml
2026-07-10,DALIAN,KOLKATA,2000,1950,ocean_star,as23@oceanstarsz.com,ZIM via mun USD2000/1950 ETD 15-JULY,FW_ Update rate from China To India - Ocean Star_5.eml
2026-07-10,DALIAN,KOLKATA,2000,2000,ocean_star,as23@oceanstarsz.com,MSC via mun USD2000/2000 ETD 13-JULY,FW_ Update rate from China To India - Ocean Star_5.eml
2026-07-10,DALIAN,KOLKATA,1800,1800,ocean_star,as23@oceanstarsz.com,MSC via mun USD1800/1800 ETD 17-JULY,FW_ Update rate from China To India - Ocean Star_5.eml
2026-07-10,DALIAN,KOLKATA,1910,1910,ocean_star,as23@oceanstarsz.com,HMM via pip USD1910/1910 ETD 14-JULY,FW_ Update rate from China To India - Ocean Star_5.eml
2026-07-10,DALIAN,KOLKATA,1960,1960,ocean_star,as23@oceanstarsz.com,HMM via mun USD1960/1960 ETD 14-JULY,FW_ Update rate from China To India - Ocean Star_5.eml
2026-07-10,DALIAN,KOLKATA,,3114,ocean_star,as23@oceanstarsz.com,CMA via  mun USD3114/40HQ ETD 14-JULY.ihc prepaid,FW_ Update rate from China To India - Ocean Star_5.eml
2026-07-10,DALIAN,KOLKATA,150,150,ocean_star,as23@oceanstarsz.com,"INPPG/INMUZ/INPGH/INSH1,offer+USD150/150 on top above ICD allin rate",FW_ Update rate from China To India - Ocean Star_5.eml
2026-07-10,DALIAN,KOLKATA,2100,2100,ocean_star,as23@oceanstarsz.com,PERMA via mun USD2100/2100 ETD 17-JULY,FW_ Update rate from China To India - Ocean Star_5.eml
2026-07-10,DALIAN,KOLKATA,2000,2000,ocean_star,as23@oceanstarsz.com,PERMA via mun USD2000/2000 ETD 21-JULY,FW_ Update rate from China To India - Ocean Star_5.eml
2026-07-10,DALIAN,KOLKATA,2150,2250,ocean_star,as23@oceanstarsz.com,ESL via mun USD2150/2250 ETD 14-JULY,FW_ Update rate from China To India - Ocean Star_5.eml
2026-07-10,DALIAN,KOLKATA,,2400,ocean_star,as23@oceanstarsz.com,ONE via mun USD2400/40HQ ETD 13-JULY,FW_ Update rate from China To India - Ocean Star_5.eml
2026-07-10,DALIAN,KOLKATA,2400,2300,ocean_star,as23@oceanstarsz.com,COSCO via mun USD2400/2300 ETD 16/21-JULY,FW_ Update rate from China To India - Ocean Star_5.eml
2026-07-10,DALIAN,KOLKATA,2200,2200,ocean_star,as23@oceanstarsz.com,COSCO via mun USD2200/2200 ETD 18-JULY.indirect,FW_ Update rate from China To India - Ocean Star_5.eml
2026-07-10,DALIAN,KOLKATA,2225,2225,ocean_star,as23@oceanstarsz.com,MSC via mun USD2225/2225 ETD 13-JULY,FW_ Update rate from China To India - Ocean Star_5.eml
2026-07-10,DALIAN,KOLKATA,2300,2350,ocean_star,as23@oceanstarsz.com,PERMA via mun USD2300/2350 ETD 15-JULY,FW_ Update rate from China To India - Ocean Star_5.eml
2026-07-10,DALIAN,KOLKATA,2425,2425,ocean_star,as23@oceanstarsz.com,COSCO via mun USD2425/2425 ETD 14-JULY,FW_ Update rate from China To India - Ocean Star_5.eml
2026-07-10,DALIAN,KOLKATA,2225,2225,ocean_star,as23@oceanstarsz.com,MSC via mun USD2225/2225 ETD 14-JULY,FW_ Update rate from China To India - Ocean Star_5.eml
2026-07-15,SHENZHEN,NHAVA SHEVA,1525,1625,ocean_star,as23@oceanstarsz.com,EMC USD1525/1625 CLS18/19/22/24-Jul,FW_ Update rate from China To India - Ocean Star_6.eml
2026-07-15,SHENZHEN,NHAVA SHEVA,1600,1600,ocean_star,as23@oceanstarsz.com,WHL USD1600/1600 CLS22-Jul,FW_ Update rate from China To India - Ocean Star_6.eml
2026-07-15,SHENZHEN,NHAVA SHEVA,1650,1750,ocean_star,as23@oceanstarsz.com,ESL USD1650/1750 ETD20-Jul 10days free time,FW_ Update rate from China To India - Ocean Star_6.eml
2026-07-15,SHENZHEN,NHAVA SHEVA,,1550,ocean_star,as23@oceanstarsz.com,ONE USD1550/40HQ CLS19-Jul,FW_ Update rate from China To India - Ocean Star_6.eml
2026-07-15,SHENZHEN,NHAVA SHEVA,1550,1650,ocean_star,as23@oceanstarsz.com,KMTC USD1550/1650 ETD20-Jul,FW_ Update rate from China To India - Ocean Star_6.eml
2026-07-15,SHENZHEN,NHAVA SHEVA,1600,1600,ocean_star,as23@oceanstarsz.com,IAL USD1600/1600 CLS17/18-Jul,FW_ Update rate from China To India - Ocean Star_6.eml
2026-07-15,SHENZHEN,NHAVA SHEVA,1550,1550,ocean_star,as23@oceanstarsz.com,RCL USD1550/1550 CLS24/25-Jul,FW_ Update rate from China To India - Ocean Star_6.eml
2026-07-15,SHENZHEN,NHAVA SHEVA,1550,1650,ocean_star,as23@oceanstarsz.com,SJJ USD1550/1650 CLS25-Jul,FW_ Update rate from China To India - Ocean Star_6.eml
2026-07-15,SHENZHEN,NHAVA SHEVA,1550,1550,ocean_star,as23@oceanstarsz.com,TSL USD1550/1550 CLS22-Jul,FW_ Update rate from China To India - Ocean Star_6.eml
2026-07-15,SHENZHEN,NHAVA SHEVA,1750,1750,ocean_star,as23@oceanstarsz.com,MSC USD1750/1750 CLS20/25-Jul,FW_ Update rate from China To India - Ocean Star_6.eml
2026-07-15,SHENZHEN,NHAVA SHEVA,,1510,ocean_star,as23@oceanstarsz.com,HPL USD1510/40HQ CLS22-Jul,FW_ Update rate from China To India - Ocean Star_6.eml
2026-07-15,SHENZHEN,NHAVA SHEVA,1550,1550,ocean_star,as23@oceanstarsz.com,COSCO USD1550/1550 CLS21/22-Jul,FW_ Update rate from China To India - Ocean Star_6.eml
2026-07-15,SHENZHEN,NHAVA SHEVA,1750,1750,ocean_star,as23@oceanstarsz.com,MSC USD1750/1750 CLS20-Jul,FW_ Update rate from China To India - Ocean Star_6.eml
2026-07-15,SHENZHEN,NHAVA SHEVA,1650,1650,ocean_star,as23@oceanstarsz.com,CUL USD1650/1650 CLS23-Jul,FW_ Update rate from China To India - Ocean Star_6.eml
2026-07-15,SHENZHEN,NHAVA SHEVA,,1800,ocean_star,as23@oceanstarsz.com,ZIM USD1800/40HQ CLS17-Jul,FW_ Update rate from China To India - Ocean Star_6.eml
2026-07-15,NANSHA,NHAVA SHEVA,1650,1750,ocean_star,as23@oceanstarsz.com,ESL USD1650/1750 ETD19-Jul 10days free time,FW_ Update rate from China To India - Ocean Star_6.eml
2026-07-15,NANSHA,NHAVA SHEVA,1525,1625,ocean_star,as23@oceanstarsz.com,EMC USD1525/1625 CLS17/23-Jul,FW_ Update rate from China To India - Ocean Star_6.eml
2026-07-15,NANSHA,NHAVA SHEVA,1750,1750,ocean_star,as23@oceanstarsz.com,MSC USD1750/1750 CLS18-Jul,FW_ Update rate from China To India - Ocean Star_6.eml
2026-07-15,NANSHA,NHAVA SHEVA,,1575,ocean_star,as23@oceanstarsz.com,WHL USD1575/40HQ CLS18-Jul,FW_ Update rate from China To India - Ocean Star_6.eml
2026-07-15,NANSHA,NHAVA SHEVA,1550,1550,ocean_star,as23@oceanstarsz.com,COSCO USD1550/1550 CLS22/23-Jul,FW_ Update rate from China To India - Ocean Star_6.eml
2026-07-15,NINGBO,NHAVA SHEVA,1550,1650,ocean_star,as23@oceanstarsz.com,HDS USD1550/1650 ETD23-Jul,FW_ Update rate from China To India - Ocean Star_6.eml
2026-07-15,NINGBO,NHAVA SHEVA,1700,1750,ocean_star,as23@oceanstarsz.com,IAL USD1700/1750 ETD19-Jul,FW_ Update rate from China To India - Ocean Star_6.eml
2026-07-15,NINGBO,NHAVA SHEVA,1600,1750,ocean_star,as23@oceanstarsz.com,PERMA USD1600/1750 ETD22-Jul,FW_ Update rate from China To India - Ocean Star_6.eml
2026-07-15,NINGBO,NHAVA SHEVA,1600,1700,ocean_star,as23@oceanstarsz.com,BWL USD1600/1700 ETD22-Jul,FW_ Update rate from China To India - Ocean Star_6.eml
2026-07-15,NINGBO,NHAVA SHEVA,1750,1750,ocean_star,as23@oceanstarsz.com,CUL USD1750/1750 ETD22-Jul,FW_ Update rate from China To India - Ocean Star_6.eml
2026-07-15,NINGBO,NHAVA SHEVA,1750,1750,ocean_star,as23@oceanstarsz.com,SNL USD1750/1750 ETD20-Jul,FW_ Update rate from China To India - Ocean Star_6.eml
2026-07-15,NINGBO,NHAVA SHEVA,1700,1750,ocean_star,as23@oceanstarsz.com,RCL USD1700/1750 ETD23-Jul,FW_ Update rate from China To India - Ocean Star_6.eml
2026-07-15,NINGBO,NHAVA SHEVA,1650,1750,ocean_star,as23@oceanstarsz.com,EMC USD1650/1750 ETD25-Jul,FW_ Update rate from China To India - Ocean Star_6.eml
2026-07-15,NINGBO,NHAVA SHEVA,1700,1750,ocean_star,as23@oceanstarsz.com,KMTC USD1700/1750 ETD25-Jul,FW_ Update rate from China To India - Ocean Star_6.eml
2026-07-15,NINGBO,NHAVA SHEVA,1700,1700,ocean_star,as23@oceanstarsz.com,CUL USD1700/1700 ETD22-Jul,FW_ Update rate from China To India - Ocean Star_6.eml
2026-07-15,NINGBO,NHAVA SHEVA,1750,1750,ocean_star,as23@oceanstarsz.com,ONE USD1750/1750 ETD23/27-Jul,FW_ Update rate from China To India - Ocean Star_6.eml
2026-07-15,NINGBO,NHAVA SHEVA,1750,1850,ocean_star,as23@oceanstarsz.com,OOCL USD1750/1850 ETD20/23-Jul,FW_ Update rate from China To India - Ocean Star_6.eml
2026-07-15,NINGBO,NHAVA SHEVA,1750,1750,ocean_star,as23@oceanstarsz.com,COSCO USD1750/1750 ETD23/24-Jul,FW_ Update rate from China To India - Ocean Star_6.eml
2026-07-15,NINGBO,NHAVA SHEVA,1750,1750,ocean_star,as23@oceanstarsz.com,MSC USD1750/1750 ETD22-Jul,FW_ Update rate from China To India - Ocean Star_6.eml
2026-07-15,NINGBO,NHAVA SHEVA,1650,1750,ocean_star,as23@oceanstarsz.com,TSL USD1650/1750 ETD20-Jul,FW_ Update rate from China To India - Ocean Star_6.eml
2026-07-15,NINGBO,NHAVA SHEVA,1760,1760,ocean_star,as23@oceanstarsz.com,HMM USD1760/1760 ETD24-Jul,FW_ Update rate from China To India - Ocean Star_6.eml
2026-07-15,SHANGHAI,NHAVA SHEVA,1700,1700,ocean_star,as23@oceanstarsz.com,SNL USD1700/1700 ETD20/21-Jul,FW_ Update rate from China To India - Ocean Star_6.eml
2026-07-15,SHANGHAI,NHAVA SHEVA,1650,1750,ocean_star,as23@oceanstarsz.com,HDS USD1650/1750 ETD21-Jul,FW_ Update rate from China To India - Ocean Star_6.eml
2026-07-15,SHANGHAI,NHAVA SHEVA,1750,1750,ocean_star,as23@oceanstarsz.com,MSC USD1750/1750 ETD22-Jul,FW_ Update rate from China To India - Ocean Star_6.eml
2026-07-15,SHANGHAI,NHAVA SHEVA,1800,1800,ocean_star,as23@oceanstarsz.com,IAL USD1800/1800 ETD21-Jul,FW_ Update rate from China To India - Ocean Star_6.eml
2026-07-15,SHANGHAI,NHAVA SHEVA,1750,1725,ocean_star,as23@oceanstarsz.com,HAL USD1750/1725 ETD20-Jul,FW_ Update rate from China To India - Ocean Star_6.eml
2026-07-15,SHANGHAI,NHAVA SHEVA,1750,1850,ocean_star,as23@oceanstarsz.com,PERMA USD1750/1850 ETD23-Jul,FW_ Update rate from China To India - Ocean Star_6.eml
2026-07-15,SHANGHAI,NHAVA SHEVA,1725,1800,ocean_star,as23@oceanstarsz.com,BWL USD1725/1800 ETD23-Jul,FW_ Update rate from China To India - Ocean Star_6.eml
2026-07-15,SHANGHAI,NHAVA SHEVA,,1750,ocean_star,as23@oceanstarsz.com,COSCO USD1750/40HQ ETD20-Jul,FW_ Update rate from China To India - Ocean Star_6.eml
2026-07-15,SHANGHAI,NHAVA SHEVA,,1675,ocean_star,as23@oceanstarsz.com,CUL USD1675/40HQ ETD20-Jul,FW_ Update rate from China To India - Ocean Star_6.eml
2026-07-15,SHANGHAI,NHAVA SHEVA,1725,1800,ocean_star,as23@oceanstarsz.com,KMTC USD1725/1800 ETD20/21-Jul,FW_ Update rate from China To India - Ocean Star_6.eml
2026-07-15,SHANGHAI,NHAVA SHEVA,1650,1750,ocean_star,as23@oceanstarsz.com,EMC USD1650/1750 ETD23/31-Jul,FW_ Update rate from China To India - Ocean Star_6.eml
2026-07-15,SHANGHAI,NHAVA SHEVA,1700,1750,ocean_star,as23@oceanstarsz.com,ONE USD1700/1750 ETD21-Jul,FW_ Update rate from China To India - Ocean Star_6.eml
2026-07-15,SHANGHAI,NHAVA SHEVA,1600,1750,ocean_star,as23@oceanstarsz.com,RCL USD1600/1750 ETD20/23-Jul,FW_ Update rate from China To India - Ocean Star_6.eml
2026-07-15,SHANGHAI,NHAVA SHEVA,1700,1700,ocean_star,as23@oceanstarsz.com,YML USD1700/1700 ETD22-Jul,FW_ Update rate from China To India - Ocean Star_6.eml
2026-07-15,SHANGHAI,NHAVA SHEVA,1635,1660,ocean_star,as23@oceanstarsz.com,OOCL USD1635/1660 ETD22-Jul,FW_ Update rate from China To India - Ocean Star_6.eml
2026-07-15,SHANGHAI,NHAVA SHEVA,1700,1700,ocean_star,as23@oceanstarsz.com,WHL USD1700/1700 ETD20-Jul,FW_ Update rate from China To India - Ocean Star_6.eml
2026-07-15,SHANGHAI,NHAVA SHEVA,1850,2000,ocean_star,as23@oceanstarsz.com,BEN USD1850/2000 ETD26-Jul(OSL),FW_ Update rate from China To India - Ocean Star_6.eml
2026-07-15,QINGDAO,NHAVA SHEVA,1850,1900,ocean_star,as23@oceanstarsz.com,PERMA USD1850/1900 ETD28-Jul,FW_ Update rate from China To India - Ocean Star_6.eml
2026-07-15,QINGDAO,NHAVA SHEVA,1900,2000,ocean_star,as23@oceanstarsz.com,ESL USD1900/2000 ETD20-Jul,FW_ Update rate from China To India - Ocean Star_6.eml
2026-07-15,QINGDAO,NHAVA SHEVA,1900,1900,ocean_star,as23@oceanstarsz.com,SNL USD1900/1900 ETD25-Jul,FW_ Update rate from China To India - Ocean Star_6.eml
2026-07-15,QINGDAO,NHAVA SHEVA,1800,1800,ocean_star,as23@oceanstarsz.com,BWL USD1800/1800 ETD28-Jul,FW_ Update rate from China To India - Ocean Star_6.eml
2026-07-15,QINGDAO,NHAVA SHEVA,1750,1800,ocean_star,as23@oceanstarsz.com,SNG USD1750/1800 ETD19/21-Jul,FW_ Update rate from China To India - Ocean Star_6.eml
2026-07-15,QINGDAO,NHAVA SHEVA,2000,2000,ocean_star,as23@oceanstarsz.com,RCL USD2000/2000 ETD23-Jul,FW_ Update rate from China To India - Ocean Star_6.eml
2026-07-15,QINGDAO,NHAVA SHEVA,1900,1900,ocean_star,as23@oceanstarsz.com,WHL USD1900/1900 ETD28-Jul,FW_ Update rate from China To India - Ocean Star_6.eml
2026-07-15,QINGDAO,NHAVA SHEVA,2000,2000,ocean_star,as23@oceanstarsz.com,EMC USD2000/2000 ETD26-Jul,FW_ Update rate from China To India - Ocean Star_6.eml
2026-07-15,QINGDAO,NHAVA SHEVA,2000,2000,ocean_star,as23@oceanstarsz.com,MSC USD2000/2000 ETD26-Jul,FW_ Update rate from China To India - Ocean Star_6.eml
2026-07-15,QINGDAO,NHAVA SHEVA,2100,2100,ocean_star,as23@oceanstarsz.com,SJJ USD2100/2100 ETD25-Jul,FW_ Update rate from China To India - Ocean Star_6.eml
2026-07-15,QINGDAO,NHAVA SHEVA,2000,1900,ocean_star,as23@oceanstarsz.com,COSCO USD2000/1900 ETD25-Jul,FW_ Update rate from China To India - Ocean Star_6.eml
2026-07-15,QINGDAO,NHAVA SHEVA,,2150,ocean_star,as23@oceanstarsz.com,ONE USD2150/40HQ ETD20/21-Jul,FW_ Update rate from China To India - Ocean Star_6.eml
2026-07-15,TIANJIN,NHAVA SHEVA,1850,1950,ocean_star,as23@oceanstarsz.com,PERMA USD1850/1950 ETD21-Jul,FW_ Update rate from China To India - Ocean Star_6.eml
2026-07-15,TIANJIN,NHAVA SHEVA,1850,1950,ocean_star,as23@oceanstarsz.com,EMC USD1850/1950 ETD21-Jul,FW_ Update rate from China To India - Ocean Star_6.eml
2026-07-15,TIANJIN,NHAVA SHEVA,1950,,ocean_star,as23@oceanstarsz.com,BEN USD1950/20GP ETD21-Jul,FW_ Update rate from China To India - Ocean Star_6.eml
2026-07-15,TIANJIN,NHAVA SHEVA,1850,1850,ocean_star,as23@oceanstarsz.com,COSCO USD1850/1850 ETD27-Jul,FW_ Update rate from China To India - Ocean Star_6.eml
2026-07-15,TIANJIN,NHAVA SHEVA,2050,2400,ocean_star,as23@oceanstarsz.com,ESL USD2050/2400 ETD21-Jul,FW_ Update rate from China To India - Ocean Star_6.eml
2026-07-15,TIANJIN,NHAVA SHEVA,1975,1975,ocean_star,as23@oceanstarsz.com,MSC USD1975/1975 ETD22-Jul,FW_ Update rate from China To India - Ocean Star_6.eml
2026-07-15,TIANJIN,NHAVA SHEVA,2050,2050,ocean_star,as23@oceanstarsz.com,RCL USD2050/2050 ETD25-Jul,FW_ Update rate from China To India - Ocean Star_6.eml
2026-07-15,TIANJIN,NHAVA SHEVA,1900,1900,ocean_star,as23@oceanstarsz.com,ZIM USD1900/1900 ETD21-Jul,FW_ Update rate from China To India - Ocean Star_6.eml
2026-07-15,TIANJIN,NHAVA SHEVA,1850,1950,ocean_star,as23@oceanstarsz.com,TSL USD1850/1950 ETD22-Jul,FW_ Update rate from China To India - Ocean Star_6.eml
2026-07-15,XIAMEN,NHAVA SHEVA,1700,1725,ocean_star,as23@oceanstarsz.com,ESL USD1700/1725 ETD23-Jul,FW_ Update rate from China To India - Ocean Star_6.eml
2026-07-15,XIAMEN,NHAVA SHEVA,1600,1700,ocean_star,as23@oceanstarsz.com,EMC USD1600/1700 ETD23-Jul,FW_ Update rate from China To India - Ocean Star_6.eml
2026-07-15,XIAMEN,NHAVA SHEVA,1685,1710,ocean_star,as23@oceanstarsz.com,MSC USD1685/1710 ETD21-Jul,FW_ Update rate from China To India - Ocean Star_6.eml
2026-07-15,DALIAN,NHAVA SHEVA,1850,1850,ocean_star,as23@oceanstarsz.com,HMM USD1850/1850 ETD24/25-Jul,FW_ Update rate from China To India - Ocean Star_6.eml
2026-07-15,DALIAN,NHAVA SHEVA,1975,1975,ocean_star,as23@oceanstarsz.com,MSC USD1975/1975 Valid from20-Jul to 26-Jul,FW_ Update rate from China To India - Ocean Star_6.eml
2026-07-15,DALIAN,NHAVA SHEVA,2075,2075,ocean_star,as23@oceanstarsz.com,EMC USD2075/2075 Valid from15-Jul to 21-Jul,FW_ Update rate from China To India - Ocean Star_6.eml
2026-07-15,DALIAN,NHAVA SHEVA,2075,2075,ocean_star,as23@oceanstarsz.com,WHL USD2075/2075 Valid from15-Jul to 21-Jul,FW_ Update rate from China To India - Ocean Star_6.eml
2026-07-15,DALIAN,NHAVA SHEVA,1900,1900,ocean_star,as23@oceanstarsz.com,IAL USD1900/1900 ETD27-Jul indirect,FW_ Update rate from China To India - Ocean Star_6.eml
2026-07-15,SHEKOU,CHENNAI,2050,,ocean_star,as23@oceanstarsz.com,"SKR USD2050/20GP, CLS: 22-July",FW_ Update rate from China To India - Ocean Star_6.eml
2026-07-15,SHEKOU,CHENNAI,2150,2150,ocean_star,as23@oceanstarsz.com,"NAMSUNG USD2150/2150, CLS: 21-July",FW_ Update rate from China To India - Ocean Star_6.eml
2026-07-15,SHEKOU,CHENNAI,2150,2150,ocean_star,as23@oceanstarsz.com,"WHL USD2150/2150, CLS: 19-July",FW_ Update rate from China To India - Ocean Star_6.eml
2026-07-15,SHEKOU,CHENNAI,2150,2150,ocean_star,as23@oceanstarsz.com,"IAL USD2150/2150, CLS: 20-July",FW_ Update rate from China To India - Ocean Star_6.eml
2026-07-15,SHEKOU,CHENNAI,2150,2250,ocean_star,as23@oceanstarsz.com,"SJJ USD2150/2250, CLS: 20-July",FW_ Update rate from China To India - Ocean Star_6.eml
2026-07-15,SHEKOU,CHENNAI,2230,2450,ocean_star,as23@oceanstarsz.com,"TSL USD2230/2450, CLS: 22-July",FW_ Update rate from China To India - Ocean Star_6.eml
2026-07-15,SHEKOU,CHENNAI,2450,2650,ocean_star,as23@oceanstarsz.com,"KMTC USD2450/2650, CLS: 22-July",FW_ Update rate from China To India - Ocean Star_6.eml
2026-07-15,NANSHA,CHENNAI,1950,1950,ocean_star,as23@oceanstarsz.com,"WHL USD1950/1950, CLS: 23-July",FW_ Update rate from China To India - Ocean Star_6.eml
2026-07-15,NANSHA,CHENNAI,1950,2050,ocean_star,as23@oceanstarsz.com,"RCL USD1950/2050, CLS: 22-July",FW_ Update rate from China To India - Ocean Star_6.eml
2026-07-15,NANSHA,CHENNAI,2000,2000,ocean_star,as23@oceanstarsz.com,"NAMSUNG USD2000/2000, CLS: 18-July",FW_ Update rate from China To India - Ocean Star_6.eml
2026-07-15,NANSHA,CHENNAI,2100,2100,ocean_star,as23@oceanstarsz.com,"IAL USD2100/2100, CLS: 19-July",FW_ Update rate from China To India - Ocean Star_6.eml
2026-07-15,NANSHA,CHENNAI,2150,2200,ocean_star,as23@oceanstarsz.com,"COSCO USD2150/2200, rate valid to 31-July",FW_ Update rate from China To India - Ocean Star_6.eml
2026-07-15,NINGBO,CHENNAI,1800,1950,ocean_star,as23@oceanstarsz.com,"TRL USD1800/1950, ETD: 21-July",FW_ Update rate from China To India - Ocean Star_6.eml
2026-07-15,NINGBO,CHENNAI,1950,2050,ocean_star,as23@oceanstarsz.com,"PIL USD1950/2050, ETD: 21-July",FW_ Update rate from China To India - Ocean Star_6.eml
2026-07-15,NINGBO,CHENNAI,,2050,ocean_star,as23@oceanstarsz.com,"EMC USD2050/40HQ, ETD: 21-July",FW_ Update rate from China To India - Ocean Star_6.eml
2026-07-15,NINGBO,CHENNAI,2050,2050,ocean_star,as23@oceanstarsz.com,"IAL USD2050/2050, ETD: 21-July",FW_ Update rate from China To India - Ocean Star_6.eml
2026-07-15,SHANGHAI,CHENNAI,1825,1900,ocean_star,as23@oceanstarsz.com,"IAL USD1825/1900, ETD: 25-July",FW_ Update rate from China To India - Ocean Star_6.eml
2026-07-15,SHANGHAI,CHENNAI,1850,1950,ocean_star,as23@oceanstarsz.com,"SNL USD1850/1950, ETD: 23/25-July",FW_ Update rate from China To India - Ocean Star_6.eml
2026-07-15,SHANGHAI,CHENNAI,1950,1950,ocean_star,as23@oceanstarsz.com,"WHL USD1950/1950, ETD: 29-July",FW_ Update rate from China To India - Ocean Star_6.eml
2026-07-15,SHANGHAI,CHENNAI,2000,2050,ocean_star,as23@oceanstarsz.com,"KMTC USD2000/2050, ETD: 27-July",FW_ Update rate from China To India - Ocean Star_6.eml
2026-07-15,SHANGHAI,CHENNAI,1950,2250,ocean_star,as23@oceanstarsz.com,"SITC USD1950/2250, ETD: 29-July",FW_ Update rate from China To India - Ocean Star_6.eml
2026-07-15,QINGDAO,CHENNAI,1600,1600,ocean_star,as23@oceanstarsz.com,"MSC USD1600/1600, ETD: 23-July",FW_ Update rate from China To India - Ocean Star_6.eml
2026-07-15,QINGDAO,CHENNAI,2150,2450,ocean_star,as23@oceanstarsz.com,"SITC USD2150/2450, ETD: 26-July",FW_ Update rate from China To India - Ocean Star_6.eml
2026-07-15,QINGDAO,CHENNAI,,2250,ocean_star,as23@oceanstarsz.com,"COSCO USD2250/40HQ, ETD: 28-July",FW_ Update rate from China To India - Ocean Star_6.eml
2026-07-15,QINGDAO,CHENNAI,2250,2350,ocean_star,as23@oceanstarsz.com,"SNL USD2250/2350, ETD: 22-July",FW_ Update rate from China To India - Ocean Star_6.eml
2026-07-15,QINGDAO,CHENNAI,2300,2300,ocean_star,as23@oceanstarsz.com,"WHL USD2300/2300, ETD: 23-July",FW_ Update rate from China To India - Ocean Star_6.eml
2026-07-15,QINGDAO,CHENNAI,2450,2450,ocean_star,as23@oceanstarsz.com,"OOCL USD2450/2450, ETD: 28-July",FW_ Update rate from China To India - Ocean Star_6.eml
2026-07-15,TIANJIN,CHENNAI,1750,1850,ocean_star,as23@oceanstarsz.com,"RCL USD1750/1850, ETD: 29-July",FW_ Update rate from China To India - Ocean Star_6.eml
2026-07-15,TIANJIN,CHENNAI,1850,2050,ocean_star,as23@oceanstarsz.com,"TSL USD1850/2050, ETD: 22-July",FW_ Update rate from China To India - Ocean Star_6.eml
2026-07-15,TIANJIN,CHENNAI,1600,1600,ocean_star,as23@oceanstarsz.com,"MSC USD1600/1600, Rate valid to 27-July",FW_ Update rate from China To India - Ocean Star_6.eml
2026-07-15,TIANJIN,CHENNAI,1850,1950,ocean_star,as23@oceanstarsz.com,"KMTC USD1850/1950, Rate valid to 25-July",FW_ Update rate from China To India - Ocean Star_6.eml
2026-07-15,XIAMEN,CHENNAI,1600,,ocean_star,as23@oceanstarsz.com,"PIL USD1600/20GP, ETD: 24-July",FW_ Update rate from China To India - Ocean Star_6.eml
2026-07-15,XIAMEN,CHENNAI,1650,1700,ocean_star,as23@oceanstarsz.com,"IAL USD1650/1700, ETD: 22-July",FW_ Update rate from China To India - Ocean Star_6.eml
2026-07-15,XIAMEN,CHENNAI,1600,1600,ocean_star,as23@oceanstarsz.com,"OOCL USD1600/1600, ETD: 24/28-July",FW_ Update rate from China To India - Ocean Star_6.eml
2026-07-15,XIAMEN,CHENNAI,1600,1650,ocean_star,as23@oceanstarsz.com,"COSCO USD1600/1650, ETD: 21/25/27/29-July",FW_ Update rate from China To India - Ocean Star_6.eml
2026-07-15,DALIAN,CHENNAI,1975,2075,ocean_star,as23@oceanstarsz.com,"IAL USD1975/2075, ETD: 27-July",FW_ Update rate from China To India - Ocean Star_6.eml
2026-07-15,DALIAN,CHENNAI,1575,1575,ocean_star,as23@oceanstarsz.com,"MSC USD1575/1575, Rate valid to 26-July",FW_ Update rate from China To India - Ocean Star_6.eml
2026-07-15,DALIAN,CHENNAI,1750,1850,ocean_star,as23@oceanstarsz.com,"EMC USD1750/1850, Rate valid to 21-July",FW_ Update rate from China To India - Ocean Star_6.eml
2026-07-15,DALIAN,CHENNAI,1925,2025,ocean_star,as23@oceanstarsz.com,"WHL USD1925/2025, Rate valid to 21-July",FW_ Update rate from China To India - Ocean Star_6.eml
2026-07-15,SHENZHEN,KOLKATA,1550,1850,ocean_star,as23@oceanstarsz.com,RCL USD1550/1850 ETD20/26-JUL,FW_ Update rate from China To India - Ocean Star_6.eml
2026-07-15,SHENZHEN,KOLKATA,1850,2350,ocean_star,as23@oceanstarsz.com,WHL USD1850/2350 ETD24-JUL,FW_ Update rate from China To India - Ocean Star_6.eml
2026-07-15,SHENZHEN,KOLKATA,2475,3200,ocean_star,as23@oceanstarsz.com,SITC USD2475/3200 ETD27-JUL,FW_ Update rate from China To India - Ocean Star_6.eml
2026-07-15,SHENZHEN,KOLKATA,1950,1950,ocean_star,as23@oceanstarsz.com,MSC USD1950/1950 Rate valid till 26TH JUL,FW_ Update rate from China To India - Ocean Star_6.eml
2026-07-15,SHENZHEN,KOLKATA,1550,1750,ocean_star,as23@oceanstarsz.com,ONE USD1550/1750  Rate valid till 21TH JUL,FW_ Update rate from China To India - Ocean Star_6.eml
2026-07-15,SHENZHEN,KOLKATA,1750,1750,ocean_star,as23@oceanstarsz.com,COSCO USD1750/1750 Rate valid till 21TH JUL,FW_ Update rate from China To India - Ocean Star_6.eml
2026-07-15,NANSHA,KOLKATA,1650,1850,ocean_star,as23@oceanstarsz.com,ONE USD1650/1850  Rate valid till 21TH JUL,FW_ Update rate from China To India - Ocean Star_6.eml
2026-07-15,NANSHA,KOLKATA,1950,1950,ocean_star,as23@oceanstarsz.com,MSC USD1950/1950 Rate valid till 26TH JUL,FW_ Update rate from China To India - Ocean Star_6.eml
2026-07-15,NANSHA,KOLKATA,1750,1750,ocean_star,as23@oceanstarsz.com,COSCO USD1750/1750 Rate valid till 21TH JUL,FW_ Update rate from China To India - Ocean Star_6.eml
2026-07-15,NANSHA,KOLKATA,1650,1950,ocean_star,as23@oceanstarsz.com,RCL USD1650/1950 ETD24-JUL,FW_ Update rate from China To India - Ocean Star_6.eml
2026-07-15,NINGBO,KOLKATA,1550,1750,ocean_star,as23@oceanstarsz.com,RCL USD1550/1750 ETD17-JUL,FW_ Update rate from China To India - Ocean Star_6.eml
2026-07-15,NINGBO,KOLKATA,,1850,ocean_star,as23@oceanstarsz.com,ONE USD1850/40HQ ETD17-JUL,FW_ Update rate from China To India - Ocean Star_6.eml
2026-07-15,NINGBO,KOLKATA,2350,2800,ocean_star,as23@oceanstarsz.com,SITC USD2350/2800 ETD24-JUL,FW_ Update rate from China To India - Ocean Star_6.eml
2026-07-15,NINGBO,KOLKATA,1450,2450,ocean_star,as23@oceanstarsz.com,WHL USD1450/2450 ETD24/25-JUL,FW_ Update rate from China To India - Ocean Star_6.eml
2026-07-15,NINGBO,KOLKATA,2050,2250,ocean_star,as23@oceanstarsz.com,YML USD2050/2250  ETD17-JUL,FW_ Update rate from China To India - Ocean Star_6.eml
2026-07-15,NINGBO,KOLKATA,2050,2050,ocean_star,as23@oceanstarsz.com,MSC USD2050/2050 ETD20-JUL,FW_ Update rate from China To India - Ocean Star_6.eml
2026-07-15,SHANGHAI,KOLKATA,1950,1950,ocean_star,as23@oceanstarsz.com,MSC USD1950/1950  ETD22-JUL,FW_ Update rate from China To India - Ocean Star_6.eml
2026-07-15,SHANGHAI,KOLKATA,1700,2300,ocean_star,as23@oceanstarsz.com,WHL USD1700/2300 ETD20-JUL,FW_ Update rate from China To India - Ocean Star_6.eml
2026-07-15,SHANGHAI,KOLKATA,1775,2300,ocean_star,as23@oceanstarsz.com,PIL USD1775/2300 ETD16-JUL,FW_ Update rate from China To India - Ocean Star_6.eml
2026-07-15,SHANGHAI,KOLKATA,2450,3200,ocean_star,as23@oceanstarsz.com,SITC USD2450/3200 ETD15-JUL,FW_ Update rate from China To India - Ocean Star_6.eml
2026-07-15,SHANGHAI,KOLKATA,1900,2200,ocean_star,as23@oceanstarsz.com,YML USD1900/2200  ETD21-JUL,FW_ Update rate from China To India - Ocean Star_6.eml
2026-07-15,XIAMEN,KOLKATA,1700,1950,ocean_star,as23@oceanstarsz.com,RCL USD1700/1950 ETD17-JUL,FW_ Update rate from China To India - Ocean Star_6.eml
2026-07-15,XIAMEN,KOLKATA,1800,2600,ocean_star,as23@oceanstarsz.com,PIL USD1800/2600 ETD24-JUL,FW_ Update rate from China To India - Ocean Star_6.eml
2026-07-15,XIAMEN,KOLKATA,2000,2000,ocean_star,as23@oceanstarsz.com,MSC USD2000/2000 ETD19-JUL,FW_ Update rate from China To India - Ocean Star_6.eml
2026-07-15,QINGDAO,KOLKATA,2100,2100,ocean_star,as23@oceanstarsz.com,MSC USD2100/2100 ETD23-JUL,FW_ Update rate from China To India - Ocean Star_6.eml
2026-07-15,QINGDAO,KOLKATA,2150,2150,ocean_star,as23@oceanstarsz.com,MTT USD2150/2150 ETD24-JUL,FW_ Update rate from China To India - Ocean Star_6.eml
2026-07-15,QINGDAO,KOLKATA,2350,2650,ocean_star,as23@oceanstarsz.com,WHL USD2350/2650 ETD17-JUL,FW_ Update rate from China To India - Ocean Star_6.eml
2026-07-15,QINGDAO,KOLKATA,2600,2900,ocean_star,as23@oceanstarsz.com,"SITC USD2600/2900  ETD19-JUL,20GP/40HQ over 20.9T+100/100",FW_ Update rate from China To India - Ocean Star_6.eml
2026-07-15,QINGDAO,KOLKATA,1850,2250,ocean_star,as23@oceanstarsz.com,RCL USD1850/2250 ETD22-JUL,FW_ Update rate from China To India - Ocean Star_6.eml
2026-07-15,TIANJIN,KOLKATA,2075,2075,ocean_star,as23@oceanstarsz.com,MSC USD2075/2075 ETD22-JUL,FW_ Update rate from China To India - Ocean Star_6.eml
2026-07-15,TIANJIN,KOLKATA,1950,1950,ocean_star,as23@oceanstarsz.com,COSCO USD1950/1950 ETD29-JUL,FW_ Update rate from China To India - Ocean Star_6.eml
2026-07-15,TIANJIN,KOLKATA,2350,2450,ocean_star,as23@oceanstarsz.com,RCL USD2350/2450 ETD29-JUL,FW_ Update rate from China To India - Ocean Star_6.eml
2026-07-15,DALIAN,KOLKATA,2075,2075,ocean_star,as23@oceanstarsz.com,MSC USD2075/2075 ETD21-JUL,FW_ Update rate from China To India - Ocean Star_6.eml
2026-07-15,DALIAN,KOLKATA,2250,2550,ocean_star,as23@oceanstarsz.com,WHL USD2250/2550 ETD21-JUL,FW_ Update rate from China To India - Ocean Star_6.eml
2026-07-15,DALIAN,KOLKATA,1350,1550,ocean_star,as23@oceanstarsz.com,ONE via pip USD1350/1550 ETD 22-JULY,FW_ Update rate from China To India - Ocean Star_6.eml
2026-07-15,DALIAN,KOLKATA,1650,1650,ocean_star,as23@oceanstarsz.com,COSCO via mun USD1650/1650 ETD 20-JULY,FW_ Update rate from China To India - Ocean Star_6.eml
2026-07-15,DALIAN,KOLKATA,1550,1550,ocean_star,as23@oceanstarsz.com,COSCO via mun USD1550/1550 ETD 24-JULY,FW_ Update rate from China To India - Ocean Star_6.eml
2026-07-15,DALIAN,KOLKATA,1650,1750,ocean_star,as23@oceanstarsz.com,ESL via mun USD1650/1750 ETD 20-JULY(DCB),FW_ Update rate from China To India - Ocean Star_6.eml
2026-07-15,DALIAN,KOLKATA,1750,1750,ocean_star,as23@oceanstarsz.com,MSC via mun USD1750/1750 ETD 22/27-JULY,FW_ Update rate from China To India - Ocean Star_6.eml
2026-07-15,DALIAN,KOLKATA,1575,1575,ocean_star,as23@oceanstarsz.com,HMM via pip USD1575/1575 ETD 19-JULY,FW_ Update rate from China To India - Ocean Star_6.eml
2026-07-15,DALIAN,KOLKATA,2380,2580,ocean_star,as23@oceanstarsz.com,"HMM via pip  USD2380/2580 ETD 19-JULY.ihc prepaid .(ICD TKD, Dadri, PIYALA, FARIDABAD)",FW_ Update rate from China To India - Ocean Star_6.eml
2026-07-15,DALIAN,KOLKATA,,2864,ocean_star,as23@oceanstarsz.com,CMA via mun USD2864/40HQ ETD 20-JULY.ihc prepaid,FW_ Update rate from China To India - Ocean Star_6.eml
2026-07-15,DALIAN,KOLKATA,150,150,ocean_star,as23@oceanstarsz.com,"INPPG/INMUZ/INPGH/INSH1,offer+USD150/150 on top above ICD allin rate",FW_ Update rate from China To India - Ocean Star_6.eml
2026-07-15,DALIAN,KOLKATA,1650,1750,ocean_star,as23@oceanstarsz.com,ESL via mun USD1650/1750 ETD 19-JULY,FW_ Update rate from China To India - Ocean Star_6.eml
2026-07-15,DALIAN,KOLKATA,1550,1550,ocean_star,as23@oceanstarsz.com,COSCO via mun USD1550/1550 ETD 24-JULY,FW_ Update rate from China To India - Ocean Star_6.eml
2026-07-15,DALIAN,KOLKATA,1980,1950,ocean_star,as23@oceanstarsz.com,ZIM via mun USD1980/1950 VALID 08-17 JULY,FW_ Update rate from China To India - Ocean Star_6.eml
2026-07-15,DALIAN,KOLKATA,1450,1650,ocean_star,as23@oceanstarsz.com,ONE via pip USD1450/1650 VALID 13-21 JULY,FW_ Update rate from China To India - Ocean Star_6.eml
2026-07-15,DALIAN,KOLKATA,1700,1725,ocean_star,as23@oceanstarsz.com,ESL via mun USD1700/1725 ETD 23-JULY,FW_ Update rate from China To India - Ocean Star_6.eml
2026-07-15,DALIAN,KOLKATA,1800,1800,ocean_star,as23@oceanstarsz.com,MSC via mun USD1800/1800 ETD 19-JULY,FW_ Update rate from China To India - Ocean Star_6.eml
2026-07-15,DALIAN,KOLKATA,,1750,ocean_star,as23@oceanstarsz.com,ONE via pip/mun USD1750/40HQ ETD 27/23-JULY,FW_ Update rate from China To India - Ocean Star_6.eml
2026-07-15,DALIAN,KOLKATA,1750,1750,ocean_star,as23@oceanstarsz.com,MSC via mun USD1750/1750 ETD 22-JULY,FW_ Update rate from China To India - Ocean Star_6.eml
2026-07-15,DALIAN,KOLKATA,1760,1760,ocean_star,as23@oceanstarsz.com,HMM via pip USD1760/1760 ETD 24-JULY,FW_ Update rate from China To India - Ocean Star_6.eml
2026-07-15,DALIAN,KOLKATA,1700,1800,ocean_star,as23@oceanstarsz.com,PERMA via mun USD1700/1800 ETD 23-JULY,FW_ Update rate from China To India - Ocean Star_6.eml
2026-07-15,DALIAN,KOLKATA,1950,2050,ocean_star,as23@oceanstarsz.com,ESL via mun USD1950/2050 ETD 20-JULY,FW_ Update rate from China To India - Ocean Star_6.eml
2026-07-15,DALIAN,KOLKATA,1600,1750,ocean_star,as23@oceanstarsz.com,OOCL via mun USD1600/1750 ETD 17/20-JULY,FW_ Update rate from China To India - Ocean Star_6.eml
2026-07-15,DALIAN,KOLKATA,1750,1750,ocean_star,as23@oceanstarsz.com,COSCO via mun USD1750/1750 ETD 23/25-JULY,FW_ Update rate from China To India - Ocean Star_6.eml
2026-07-15,DALIAN,KOLKATA,1700,1800,ocean_star,as23@oceanstarsz.com,PERMA via mun USD1700/1800 ETD 23-JULY,FW_ Update rate from China To India - Ocean Star_6.eml
2026-07-15,DALIAN,KOLKATA,,1750,ocean_star,as23@oceanstarsz.com,ONE via pip/mun USD1750/40HQ ETD 23/28-JULY,FW_ Update rate from China To India - Ocean Star_6.eml
2026-07-15,DALIAN,KOLKATA,1635,1660,ocean_star,as23@oceanstarsz.com,OOCL via pip USD1635/1660 ETD 19-JULY(YANGSHAN),FW_ Update rate from China To India - Ocean Star_6.eml
2026-07-15,DALIAN,KOLKATA,1635,1660,ocean_star,as23@oceanstarsz.com,OOCL via mun USD1635/1660 ETD 22-JULY,FW_ Update rate from China To India - Ocean Star_6.eml
2026-07-15,DALIAN,KOLKATA,1550,1550,ocean_star,as23@oceanstarsz.com,OOCL via pip USD1550/1550 ETD 22-JULY,FW_ Update rate from China To India - Ocean Star_6.eml
2026-07-15,DALIAN,KOLKATA,1735,1760,ocean_star,as23@oceanstarsz.com,OOCL via mun USD1735/1760 ETD 25-JULY,FW_ Update rate from China To India - Ocean Star_6.eml
2026-07-15,DALIAN,KOLKATA,1750,1750,ocean_star,as23@oceanstarsz.com,MSC via mun USD1750/1750 ETD 26-JULY,FW_ Update rate from China To India - Ocean Star_6.eml
2026-07-15,DALIAN,KOLKATA,,2764,ocean_star,as23@oceanstarsz.com,CMA via  mun USD2764/40HQ ETD 21-JULY.ihc prepaid,FW_ Update rate from China To India - Ocean Star_6.eml
2026-07-15,DALIAN,KOLKATA,150,150,ocean_star,as23@oceanstarsz.com,"INPPG/INMUZ/INPGH/INSH1,offer+USD150/150 on top above ICD allin rate",FW_ Update rate from China To India - Ocean Star_6.eml
2026-07-15,DALIAN,KOLKATA,1950,1950,ocean_star,as23@oceanstarsz.com,PERMA via mun USD1950/1950 ETD 21-JULY,FW_ Update rate from China To India - Ocean Star_6.eml
2026-07-15,DALIAN,KOLKATA,1850,1900,ocean_star,as23@oceanstarsz.com,PERMA via mun USD1850/1900 ETD 28-JULY,FW_ Update rate from China To India - Ocean Star_6.eml
2026-07-15,DALIAN,KOLKATA,,2300,ocean_star,as23@oceanstarsz.com,ONE via mun USD2300/40HQ ETD 20-JULY,FW_ Update rate from China To India - Ocean Star_6.eml
2026-07-15,DALIAN,KOLKATA,1900,2000,ocean_star,as23@oceanstarsz.com,ESL via mun USD1900/2000 ETD 20-JULY,FW_ Update rate from China To India - Ocean Star_6.eml
2026-07-15,DALIAN,KOLKATA,2100,2000,ocean_star,as23@oceanstarsz.com,COSCO via mun USD2100/2000 ETD 25-JULY,FW_ Update rate from China To India - Ocean Star_6.eml
2026-07-15,DALIAN,KOLKATA,2000,2000,ocean_star,as23@oceanstarsz.com,MSC via mun USD2000/2000 ETD 20-JULY,FW_ Update rate from China To India - Ocean Star_6.eml
2026-07-15,DALIAN,KOLKATA,1850,1950,ocean_star,as23@oceanstarsz.com,PERMA via mun USD1850/1950 ETD 28-JULY,FW_ Update rate from China To India - Ocean Star_6.eml
2026-07-15,DALIAN,KOLKATA,1850,1850,ocean_star,as23@oceanstarsz.com,COSCO via pip USD1850/1850 ETD 26-JULY,FW_ Update rate from China To India - Ocean Star_6.eml
2026-07-15,DALIAN,KOLKATA,1925,1850,ocean_star,as23@oceanstarsz.com,OOCL via pip USD1925/1850 ETD 26-JULY,FW_ Update rate from China To India - Ocean Star_6.eml
2026-07-15,DALIAN,KOLKATA,2000,2000,ocean_star,as23@oceanstarsz.com,MSC via mun USD2000/2000 ETD 22-JULY,FW_ Update rate from China To India - Ocean Star_6.eml
2026-07-15,DALIAN,KOLKATA,1900,1900,ocean_star,as23@oceanstarsz.com,HMM via mun USD1900/1900 ETD 24-JULY,FW_ Update rate from China To India - Ocean Star_6.eml
2026-07-15,DALIAN,KOLKATA,2000,2000,ocean_star,as23@oceanstarsz.com,MSC via mun USD2000/2000 ETD 21-JULY,FW_ Update rate from China To India - Ocean Star_6.eml
2026-07-17,SHENZHEN,NHAVA SHEVA,1525,1575,ocean_star,as23@oceanstarsz.com,EMC USD1525/1575 CLS22/23/25/28/29/31-Jul,FW_ Update rate from China To India - Ocean Star_7.eml
2026-07-17,SHENZHEN,NHAVA SHEVA,1550,1550,ocean_star,as23@oceanstarsz.com,WHL USD1550/1550 CLS22/25-Jul,FW_ Update rate from China To India - Ocean Star_7.eml
2026-07-17,SHENZHEN,NHAVA SHEVA,1550,1650,ocean_star,as23@oceanstarsz.com,ESL USD1550/1650 ETD25-Jul,FW_ Update rate from China To India - Ocean Star_7.eml
2026-07-17,SHENZHEN,NHAVA SHEVA,1250,1350,ocean_star,as23@oceanstarsz.com,SKR USD1250/1350 CLS24-Jul,FW_ Update rate from China To India - Ocean Star_7.eml
2026-07-17,SHENZHEN,NHAVA SHEVA,1600,1600,ocean_star,as23@oceanstarsz.com,IAL USD1600/1600 CLS18/22/23/26-Jul,FW_ Update rate from China To India - Ocean Star_7.eml
2026-07-17,SHENZHEN,NHAVA SHEVA,1550,1550,ocean_star,as23@oceanstarsz.com,RCL USD1550/1550 CLS24/28-Jul,FW_ Update rate from China To India - Ocean Star_7.eml
2026-07-17,SHENZHEN,NHAVA SHEVA,,1500,ocean_star,as23@oceanstarsz.com,SJJ USD1500/40HQ CLS27-Jul,FW_ Update rate from China To India - Ocean Star_7.eml
2026-07-17,SHENZHEN,NHAVA SHEVA,1550,1550,ocean_star,as23@oceanstarsz.com,TSL USD1550/1550 CLS22-Jul,FW_ Update rate from China To India - Ocean Star_7.eml
2026-07-17,SHENZHEN,NHAVA SHEVA,1750,1750,ocean_star,as23@oceanstarsz.com,MSC USD1750/1750 CLS25/30-Jul,FW_ Update rate from China To India - Ocean Star_7.eml
2026-07-17,SHENZHEN,NHAVA SHEVA,,1435,ocean_star,as23@oceanstarsz.com,HPL USD1435/40HQ CLS31-Jul,FW_ Update rate from China To India - Ocean Star_7.eml
2026-07-17,SHENZHEN,NHAVA SHEVA,1550,1550,ocean_star,as23@oceanstarsz.com,COSCO USD1550/1550 CLS23-Jul,FW_ Update rate from China To India - Ocean Star_7.eml
2026-07-17,SHENZHEN,NHAVA SHEVA,1650,1650,ocean_star,as23@oceanstarsz.com,CUL USD1650/1650 CLS23-Jul,FW_ Update rate from China To India - Ocean Star_7.eml
2026-07-17,SHENZHEN,NHAVA SHEVA,,1800,ocean_star,as23@oceanstarsz.com,ZIM USD1800/40HQ CLS20-Jul,FW_ Update rate from China To India - Ocean Star_7.eml
2026-07-17,NANSHA,NHAVA SHEVA,1550,1650,ocean_star,as23@oceanstarsz.com,ESL USD1550/1650 ETD24-Jul,FW_ Update rate from China To India - Ocean Star_7.eml
2026-07-17,NANSHA,NHAVA SHEVA,1550,1650,ocean_star,as23@oceanstarsz.com,EMC USD1550/1650 CLS23-Jul,FW_ Update rate from China To India - Ocean Star_7.eml
2026-07-17,NANSHA,NHAVA SHEVA,1550,1550,ocean_star,as23@oceanstarsz.com,RCL USD1550/1550 CLS22/27-Jul,FW_ Update rate from China To India - Ocean Star_7.eml
2026-07-17,NANSHA,NHAVA SHEVA,1550,1550,ocean_star,as23@oceanstarsz.com,COSCO USD1550/1550 CLS22/29-Jul,FW_ Update rate from China To India - Ocean Star_7.eml
2026-07-17,NANSHA,NHAVA SHEVA,1750,1750,ocean_star,as23@oceanstarsz.com,WHL USD1750/1750 ETD1-Aug,FW_ Update rate from China To India - Ocean Star_7.eml
2026-07-17,NINGBO,NHAVA SHEVA,1550,1650,ocean_star,as23@oceanstarsz.com,HDS USD1550/1650 ETD23-Jul,FW_ Update rate from China To India - Ocean Star_7.eml
2026-07-17,NINGBO,NHAVA SHEVA,1600,1750,ocean_star,as23@oceanstarsz.com,PERMA USD1600/1750 ETD22-Jul,FW_ Update rate from China To India - Ocean Star_7.eml
2026-07-17,NINGBO,NHAVA SHEVA,1600,1700,ocean_star,as23@oceanstarsz.com,BWL USD1600/1700 ETD22-Jul,FW_ Update rate from China To India - Ocean Star_7.eml
2026-07-17,NINGBO,NHAVA SHEVA,1750,1750,ocean_star,as23@oceanstarsz.com,CUL USD1750/1750 ETD22-Jul,FW_ Update rate from China To India - Ocean Star_7.eml
2026-07-17,NINGBO,NHAVA SHEVA,1700,1750,ocean_star,as23@oceanstarsz.com,RCL USD1700/1750 ETD23-Jul,FW_ Update rate from China To India - Ocean Star_7.eml
2026-07-17,NINGBO,NHAVA SHEVA,2000,2000,ocean_star,as23@oceanstarsz.com,EMC USD2000/2000 ETD27/30-Jul,FW_ Update rate from China To India - Ocean Star_7.eml
2026-07-17,NINGBO,NHAVA SHEVA,1700,1800,ocean_star,as23@oceanstarsz.com,EMC USD1700/1800 ETD24-Jul,FW_ Update rate from China To India - Ocean Star_7.eml
2026-07-17,NINGBO,NHAVA SHEVA,1700,1750,ocean_star,as23@oceanstarsz.com,KMTC USD1700/1750 ETD25-Ju,FW_ Update rate from China To India - Ocean Star_7.eml
2026-07-17,NINGBO,NHAVA SHEVA,1800,1900,ocean_star,as23@oceanstarsz.com,ESL USD1800/1900 ETD28-Jul,FW_ Update rate from China To India - Ocean Star_7.eml
2026-07-17,NINGBO,NHAVA SHEVA,1800,1800,ocean_star,as23@oceanstarsz.com,IAL USD1800/1800 ETD28-Jul,FW_ Update rate from China To India - Ocean Star_7.eml
2026-07-17,NINGBO,NHAVA SHEVA,1900,1900,ocean_star,as23@oceanstarsz.com,ZIM USD1900/1900 ETD30-Jul,FW_ Update rate from China To India - Ocean Star_7.eml
2026-07-17,NINGBO,NHAVA SHEVA,1760,1760,ocean_star,as23@oceanstarsz.com,HMM USD1760/1760 ETD24-Jul,FW_ Update rate from China To India - Ocean Star_7.eml
2026-07-17,NINGBO,NHAVA SHEVA,1500,1600,ocean_star,as23@oceanstarsz.com,BEN USD1500/1600 ETD24-Jul,FW_ Update rate from China To India - Ocean Star_7.eml
2026-07-17,SHANGHAI,NHAVA SHEVA,1700,1700,ocean_star,as23@oceanstarsz.com,SNL USD1700/1700 ETD20/21-Jul,FW_ Update rate from China To India - Ocean Star_7.eml
2026-07-17,SHANGHAI,NHAVA SHEVA,1550,1600,ocean_star,as23@oceanstarsz.com,ONE USD1550/1600 ETD28-Jul,FW_ Update rate from China To India - Ocean Star_7.eml
2026-07-17,SHANGHAI,NHAVA SHEVA,1750,1850,ocean_star,as23@oceanstarsz.com,PERMA USD1750/1850 ETD23-Jul,FW_ Update rate from China To India - Ocean Star_7.eml
2026-07-17,SHANGHAI,NHAVA SHEVA,1725,1800,ocean_star,as23@oceanstarsz.com,BWL USD1725/1800 ETD23-Jul,FW_ Update rate from China To India - Ocean Star_7.eml
2026-07-17,SHANGHAI,NHAVA SHEVA,1725,1800,ocean_star,as23@oceanstarsz.com,KMTC USD1725/1800 ETD20/21-Jul,FW_ Update rate from China To India - Ocean Star_7.eml
2026-07-17,SHANGHAI,NHAVA SHEVA,1650,1750,ocean_star,as23@oceanstarsz.com,EMC USD1650/1750 ETD23/31-Jul,FW_ Update rate from China To India - Ocean Star_7.eml
2026-07-17,SHANGHAI,NHAVA SHEVA,1550,1600,ocean_star,as23@oceanstarsz.com,ONE USD1550/1600 ETD28-Jul,FW_ Update rate from China To India - Ocean Star_7.eml
2026-07-17,SHANGHAI,NHAVA SHEVA,1600,1600,ocean_star,as23@oceanstarsz.com,YML USD1600/1600 ETD28-Jul,FW_ Update rate from China To India - Ocean Star_7.eml
2026-07-17,SHANGHAI,NHAVA SHEVA,1680,1700,ocean_star,as23@oceanstarsz.com,ZIM USD1680/1700 ETD25-Jul,FW_ Update rate from China To India - Ocean Star_7.eml
2026-07-17,SHANGHAI,NHAVA SHEVA,1635,1660,ocean_star,as23@oceanstarsz.com,OOCL USD1635/1660 ETD22-Jul,FW_ Update rate from China To India - Ocean Star_7.eml
2026-07-17,SHANGHAI,NHAVA SHEVA,1850,2000,ocean_star,as23@oceanstarsz.com,BEN USD1850/2000 ETD26-Jul(OSL),FW_ Update rate from China To India - Ocean Star_7.eml
2026-07-17,QINGDAO,NHAVA SHEVA,1850,1850,ocean_star,as23@oceanstarsz.com,PERMA USD1850/1850 ETD28-Jul,FW_ Update rate from China To India - Ocean Star_7.eml
2026-07-17,QINGDAO,NHAVA SHEVA,1650,1750,ocean_star,as23@oceanstarsz.com,ESL USD1650/1750 ETD5/6-Aug,FW_ Update rate from China To India - Ocean Star_7.eml
2026-07-17,QINGDAO,NHAVA SHEVA,1900,1900,ocean_star,as23@oceanstarsz.com,SNL USD1900/1900 ETD25-Jul,FW_ Update rate from China To India - Ocean Star_7.eml
2026-07-17,QINGDAO,NHAVA SHEVA,1800,1800,ocean_star,as23@oceanstarsz.com,BWL USD1800/1800 ETD28-Jul,FW_ Update rate from China To India - Ocean Star_7.eml
2026-07-17,QINGDAO,NHAVA SHEVA,2000,2000,ocean_star,as23@oceanstarsz.com,EMC USD2000/2000 ETD26-Jul,FW_ Update rate from China To India - Ocean Star_7.eml
2026-07-17,QINGDAO,NHAVA SHEVA,2000,2000,ocean_star,as23@oceanstarsz.com,MSC USD2000/2000 ETD26-Jul,FW_ Update rate from China To India - Ocean Star_7.eml
2026-07-17,QINGDAO,NHAVA SHEVA,2100,2100,ocean_star,as23@oceanstarsz.com,SJJ USD2100/2100 ETD25-Jul,FW_ Update rate from China To India - Ocean Star_7.eml
2026-07-17,QINGDAO,NHAVA SHEVA,1950,1850,ocean_star,as23@oceanstarsz.com,COSCO USD1950/1850 ETD25-Jul,FW_ Update rate from China To India - Ocean Star_7.eml
2026-07-17,QINGDAO,NHAVA SHEVA,,1900,ocean_star,as23@oceanstarsz.com,ONE USD1900/40HQ ETD28-Jul,FW_ Update rate from China To India - Ocean Star_7.eml
2026-07-17,TIANJIN,NHAVA SHEVA,1750,1750,ocean_star,as23@oceanstarsz.com,ZIM USD1750/1750 ETD28-Jul,FW_ Update rate from China To India - Ocean Star_7.eml
2026-07-17,TIANJIN,NHAVA SHEVA,1850,1900,ocean_star,as23@oceanstarsz.com,PERMA USD1850/1900 ETD30-Jul,FW_ Update rate from China To India - Ocean Star_7.eml
2026-07-17,TIANJIN,NHAVA SHEVA,1850,1850,ocean_star,as23@oceanstarsz.com,COSCO USD1850/1850 ETD27-Jul,FW_ Update rate from China To India - Ocean Star_7.eml
2026-07-17,TIANJIN,NHAVA SHEVA,1850,1850,ocean_star,as23@oceanstarsz.com,OOCL USD1850/1850 ETD27-Jul,FW_ Update rate from China To India - Ocean Star_7.eml
2026-07-17,TIANJIN,NHAVA SHEVA,2050,2050,ocean_star,as23@oceanstarsz.com,RCL USD2050/2050 ETD25-Jul,FW_ Update rate from China To India - Ocean Star_7.eml
2026-07-17,TIANJIN,NHAVA SHEVA,1750,1750,ocean_star,as23@oceanstarsz.com,WHL USD1750/1750 ETD27-Jul,FW_ Update rate from China To India - Ocean Star_7.eml
2026-07-17,TIANJIN,NHAVA SHEVA,1750,1800,ocean_star,as23@oceanstarsz.com,EMC USD1750/1800 ETD30-Jul,FW_ Update rate from China To India - Ocean Star_7.eml
2026-07-17,TIANJIN,NHAVA SHEVA,1950,1950,ocean_star,as23@oceanstarsz.com,KMTC USD1950/1950 ETD1-Aug,FW_ Update rate from China To India - Ocean Star_7.eml
2026-07-17,TIANJIN,NHAVA SHEVA,1750,1850,ocean_star,as23@oceanstarsz.com,TSL USD1750/1850 ETD28-Jul,FW_ Update rate from China To India - Ocean Star_7.eml
2026-07-17,XIAMEN,NHAVA SHEVA,1700,1725,ocean_star,as23@oceanstarsz.com,ESL USD1700/1725 ETD23-Jul,FW_ Update rate from China To India - Ocean Star_7.eml
2026-07-17,XIAMEN,NHAVA SHEVA,1550,1650,ocean_star,as23@oceanstarsz.com,EMC USD1550/1650 ETD23-Jul,FW_ Update rate from China To India - Ocean Star_7.eml
2026-07-17,XIAMEN,NHAVA SHEVA,1685,1710,ocean_star,as23@oceanstarsz.com,MSC USD1685/1710 ETD21-Jul,FW_ Update rate from China To India - Ocean Star_7.eml
2026-07-17,DALIAN,NHAVA SHEVA,1850,1850,ocean_star,as23@oceanstarsz.com,HMM USD1850/1850 ETD24/25-Jul,FW_ Update rate from China To India - Ocean Star_7.eml
2026-07-17,DALIAN,NHAVA SHEVA,1975,1975,ocean_star,as23@oceanstarsz.com,MSC USD1975/1975 Valid from 20-Jul to 26-Jul,FW_ Update rate from China To India - Ocean Star_7.eml
2026-07-17,DALIAN,NHAVA SHEVA,1850,1900,ocean_star,as23@oceanstarsz.com,EMC USD1850/1900 Valid from 22-Jul to 31-Jul,FW_ Update rate from China To India - Ocean Star_7.eml
2026-07-17,DALIAN,NHAVA SHEVA,1975,1975,ocean_star,as23@oceanstarsz.com,WHL USD1975/1975 Valid from 22-Jul to 28-Jul,FW_ Update rate from China To India - Ocean Star_7.eml
2026-07-17,DALIAN,NHAVA SHEVA,1900,1900,ocean_star,as23@oceanstarsz.com,IAL USD1900/1900 ETD27-Jul indirect,FW_ Update rate from China To India - Ocean Star_7.eml
2026-07-17,DALIAN,NHAVA SHEVA,1350,1550,ocean_star,as23@oceanstarsz.com,ONE via pip USD1350/1550 ETD 26-JULY/01-AUG,FW_ Update rate from China To India - Ocean Star_7.eml
2026-07-17,DALIAN,NHAVA SHEVA,1550,1550,ocean_star,as23@oceanstarsz.com,COSCO via mun USD1550/1550 ETD 24-JULY,FW_ Update rate from China To India - Ocean Star_7.eml
2026-07-17,DALIAN,NHAVA SHEVA,1550,1650,ocean_star,as23@oceanstarsz.com,ESL via mun USD1550/1650 ETD 26-JULY(DCB),FW_ Update rate from China To India - Ocean Star_7.eml
2026-07-17,DALIAN,NHAVA SHEVA,1750,1750,ocean_star,as23@oceanstarsz.com,MSC via mun USD1750/1750 ETD 22/27-JULY,FW_ Update rate from China To India - Ocean Star_7.eml
2026-07-17,DALIAN,NHAVA SHEVA,1575,1575,ocean_star,as23@oceanstarsz.com,HMM via pip USD1575/1575 ETD 21-JULY,FW_ Update rate from China To India - Ocean Star_7.eml
2026-07-17,DALIAN,NHAVA SHEVA,2380,2580,ocean_star,as23@oceanstarsz.com,"HMM via pip  USD2380/2580 ETD 21-JULY.ihc prepaid .(ICD TKD, Dadri, PIYALA, FARIDABAD)",FW_ Update rate from China To India - Ocean Star_7.eml
2026-07-17,DALIAN,NHAVA SHEVA,,2864,ocean_star,as23@oceanstarsz.com,CMA via mun USD2864/40HQ ETD 20-JULY.ihc prepaid,FW_ Update rate from China To India - Ocean Star_7.eml
2026-07-17,DALIAN,NHAVA SHEVA,150,150,ocean_star,as23@oceanstarsz.com,"INPPG/INMUZ/INPGH/INSH1,offer+USD150/150 on top above ICD allin rate",FW_ Update rate from China To India - Ocean Star_7.eml
2026-07-17,DALIAN,NHAVA SHEVA,1550,1650,ocean_star,as23@oceanstarsz.com,ESL via mun USD1550/1650 ETD 25-JULY,FW_ Update rate from China To India - Ocean Star_7.eml
2026-07-17,DALIAN,NHAVA SHEVA,1550,1550,ocean_star,as23@oceanstarsz.com,COSCO via mun USD1550/1550 ETD 24-JULY,FW_ Update rate from China To India - Ocean Star_7.eml
2026-07-17,DALIAN,NHAVA SHEVA,1450,1650,ocean_star,as23@oceanstarsz.com,ONE via pip USD1450/1650 VALID 31 JULY,FW_ Update rate from China To India - Ocean Star_7.eml
2026-07-17,DALIAN,NHAVA SHEVA,1750,1750,ocean_star,as23@oceanstarsz.com,COSCO via pip USD1750/1750 ETD 21-JULY,FW_ Update rate from China To India - Ocean Star_7.eml
2026-07-17,DALIAN,NHAVA SHEVA,1750,1750,ocean_star,as23@oceanstarsz.com,OOCL via pip USD1750/1750 ETD 21-JULY,FW_ Update rate from China To India - Ocean Star_7.eml
2026-07-17,DALIAN,NHAVA SHEVA,1700,1725,ocean_star,as23@oceanstarsz.com,ESL via mun USD1700/1725 ETD 23-JULY,FW_ Update rate from China To India - Ocean Star_7.eml
2026-07-17,DALIAN,NHAVA SHEVA,1800,1800,ocean_star,as23@oceanstarsz.com,MSC via mun USD1800/1800 ETD 23/26-JULY,FW_ Update rate from China To India - Ocean Star_7.eml
2026-07-17,DALIAN,NHAVA SHEVA,,1800,ocean_star,as23@oceanstarsz.com,ONE via pip USD1800/40HQ ETD 24-JULY,FW_ Update rate from China To India - Ocean Star_7.eml
2026-07-17,DALIAN,NHAVA SHEVA,1800,1800,ocean_star,as23@oceanstarsz.com,MSC via mun USD1800/1800 ETD 22-JULY,FW_ Update rate from China To India - Ocean Star_7.eml
2026-07-17,DALIAN,NHAVA SHEVA,1700,1800,ocean_star,as23@oceanstarsz.com,PERMA via mun USD1700/1800 ETD 23-JULY,FW_ Update rate from China To India - Ocean Star_7.eml
2026-07-17,DALIAN,NHAVA SHEVA,1650,1700,ocean_star,as23@oceanstarsz.com,ESL via mun USD1650/1700 ETD 28-JULY,FW_ Update rate from China To India - Ocean Star_7.eml
2026-07-17,DALIAN,NHAVA SHEVA,1700,1800,ocean_star,as23@oceanstarsz.com,PERMA via mun USD1700/1800 ETD 23-JULY,FW_ Update rate from China To India - Ocean Star_7.eml
2026-07-17,DALIAN,NHAVA SHEVA,,1600,ocean_star,as23@oceanstarsz.com,ONE via pip/mun USD1600/40HQ ETD 31/28-JULY,FW_ Update rate from China To India - Ocean Star_7.eml
2026-07-17,DALIAN,NHAVA SHEVA,1635,1660,ocean_star,as23@oceanstarsz.com,OOCL via mun USD1635/1660 ETD 22-JULY,FW_ Update rate from China To India - Ocean Star_7.eml
2026-07-17,DALIAN,NHAVA SHEVA,1600,1600,ocean_star,as23@oceanstarsz.com,OOCL via pip USD1600/1600 ETD 22-JULY,FW_ Update rate from China To India - Ocean Star_7.eml
2026-07-17,DALIAN,NHAVA SHEVA,1735,1760,ocean_star,as23@oceanstarsz.com,OOCL via mun USD1735/1760 ETD 25-JULY,FW_ Update rate from China To India - Ocean Star_7.eml
2026-07-17,DALIAN,NHAVA SHEVA,1700,1700,ocean_star,as23@oceanstarsz.com,ZIM via mun USD1700/1700 ETD 25-JULY,FW_ Update rate from China To India - Ocean Star_7.eml
2026-07-17,DALIAN,NHAVA SHEVA,1750,1750,ocean_star,as23@oceanstarsz.com,MSC via mun USD1750/1750 ETD 26-JULY,FW_ Update rate from China To India - Ocean Star_7.eml
2026-07-17,DALIAN,NHAVA SHEVA,,2764,ocean_star,as23@oceanstarsz.com,CMA via  mun USD2764/40HQ ETD 21-JULY.ihc prepaid,FW_ Update rate from China To India - Ocean Star_7.eml
2026-07-17,DALIAN,NHAVA SHEVA,150,150,ocean_star,as23@oceanstarsz.com,"INPPG/INMUZ/INPGH/INSH1,offer+USD150/150 on top above ICD allin rate",FW_ Update rate from China To India - Ocean Star_7.eml
2026-07-17,DALIAN,NHAVA SHEVA,1850,1900,ocean_star,as23@oceanstarsz.com,PERMA via mun USD1850/1900 ETD 28-JULY,FW_ Update rate from China To India - Ocean Star_7.eml
2026-07-17,DALIAN,NHAVA SHEVA,,1950,ocean_star,as23@oceanstarsz.com,ONE via mun USD1950/40HQ ETD 28-JULY,FW_ Update rate from China To India - Ocean Star_7.eml
2026-07-17,DALIAN,NHAVA SHEVA,1650,1750,ocean_star,as23@oceanstarsz.com,ESL via mun USD1650/1750 ETD 05/06-AUG,FW_ Update rate from China To India - Ocean Star_7.eml
2026-07-17,DALIAN,NHAVA SHEVA,2100,2000,ocean_star,as23@oceanstarsz.com,COSCO via mun USD2100/2000 ETD 25-JULY,FW_ Update rate from China To India - Ocean Star_7.eml
2026-07-17,DALIAN,NHAVA SHEVA,2000,2000,ocean_star,as23@oceanstarsz.com,MSC via mun USD2000/2000 ETD 25-JULY,FW_ Update rate from China To India - Ocean Star_7.eml
2026-07-17,DALIAN,NHAVA SHEVA,1850,1900,ocean_star,as23@oceanstarsz.com,PERMA via mun USD1850/1900 ETD 30-JULY,FW_ Update rate from China To India - Ocean Star_7.eml
2026-07-17,DALIAN,NHAVA SHEVA,1850,1850,ocean_star,as23@oceanstarsz.com,COSCO via pip USD1850/1850 ETD 26-JULY,FW_ Update rate from China To India - Ocean Star_7.eml
2026-07-17,DALIAN,NHAVA SHEVA,1925,1850,ocean_star,as23@oceanstarsz.com,OOCL via pip USD1925/1850 ETD 26-JULY,FW_ Update rate from China To India - Ocean Star_7.eml
2026-07-17,DALIAN,NHAVA SHEVA,2000,2000,ocean_star,as23@oceanstarsz.com,MSC via mun USD2000/2000 ETD 22-JULY,FW_ Update rate from China To India - Ocean Star_7.eml
2026-07-17,DALIAN,NHAVA SHEVA,1900,1900,ocean_star,as23@oceanstarsz.com,HMM via mun USD1900/1900 ETD 24-JULY,FW_ Update rate from China To India - Ocean Star_7.eml
2026-07-17,DALIAN,NHAVA SHEVA,2000,2000,ocean_star,as23@oceanstarsz.com,MSC via mun USD2000/2000 ETD 21-JULY,FW_ Update rate from China To India - Ocean Star_7.eml
2026-07-17,SHEKOU,CHENNAI,2050,,ocean_star,as23@oceanstarsz.com,"SKR USD2050/20GP, CLS: 22-July",FW_ Update rate from China To India - Ocean Star_7.eml
2026-07-17,SHEKOU,CHENNAI,2200,2200,ocean_star,as23@oceanstarsz.com,"NAMSUNG USD2200/2200, CLS: 24-July",FW_ Update rate from China To India - Ocean Star_7.eml
2026-07-17,SHEKOU,CHENNAI,2150,2150,ocean_star,as23@oceanstarsz.com,"IAL USD2150/2150, CLS: 24-July",FW_ Update rate from China To India - Ocean Star_7.eml
2026-07-17,SHEKOU,CHENNAI,2050,2050,ocean_star,as23@oceanstarsz.com,"SJJ USD2050/2050, CLS: 24-July",FW_ Update rate from China To India - Ocean Star_7.eml
2026-07-17,SHEKOU,CHENNAI,2230,2450,ocean_star,as23@oceanstarsz.com,"TSL USD2230/2450, CLS: 22-July",FW_ Update rate from China To India - Ocean Star_7.eml
2026-07-17,SHEKOU,CHENNAI,2050,2250,ocean_star,as23@oceanstarsz.com,"KMTC USD2050/2250, CLS: 24/29-July",FW_ Update rate from China To India - Ocean Star_7.eml
2026-07-17,NANSHA,CHENNAI,1950,2050,ocean_star,as23@oceanstarsz.com,"RCL USD1950/2050, CLS: 22-July",FW_ Update rate from China To India - Ocean Star_7.eml
2026-07-17,NANSHA,CHENNAI,1950,2050,ocean_star,as23@oceanstarsz.com,"SJJ USD1950/2050, CLS: 24-July",FW_ Update rate from China To India - Ocean Star_7.eml
2026-07-17,NANSHA,CHENNAI,2250,2250,ocean_star,as23@oceanstarsz.com,"WHL USD2250/2250, CLS: 29-July",FW_ Update rate from China To India - Ocean Star_7.eml
2026-07-17,NANSHA,CHENNAI,2000,2100,ocean_star,as23@oceanstarsz.com,"NAMSUNG USD2000/2100, CLS: 23-July",FW_ Update rate from China To India - Ocean Star_7.eml
2026-07-17,NANSHA,CHENNAI,2150,2200,ocean_star,as23@oceanstarsz.com,"COSCO USD2150/2200, rate valid to 31-July",FW_ Update rate from China To India - Ocean Star_7.eml
2026-07-17,NINGBO,CHENNAI,2050,2100,ocean_star,as23@oceanstarsz.com,"IAL USD2050/2100, ETD: 29-July",FW_ Update rate from China To India - Ocean Star_7.eml
2026-07-17,NINGBO,CHENNAI,,2100,ocean_star,as23@oceanstarsz.com,"SNL USD2100/40HQ, ETD: 26-July",FW_ Update rate from China To India - Ocean Star_7.eml
2026-07-17,NINGBO,CHENNAI,2150,2150,ocean_star,as23@oceanstarsz.com,"OOCL USD2150/2150, ETD: 29-July",FW_ Update rate from China To India - Ocean Star_7.eml
2026-07-17,SHANGHAI,CHENNAI,1850,1950,ocean_star,as23@oceanstarsz.com,"SNL USD1850/1950, ETD: 25-July",FW_ Update rate from China To India - Ocean Star_7.eml
2026-07-17,SHANGHAI,CHENNAI,1825,1900,ocean_star,as23@oceanstarsz.com,"IAL USD1825/1900, ETD: 25-July",FW_ Update rate from China To India - Ocean Star_7.eml
2026-07-17,SHANGHAI,CHENNAI,1950,1950,ocean_star,as23@oceanstarsz.com,"WHL USD1950/1950, ETD: 29-July",FW_ Update rate from China To India - Ocean Star_7.eml
2026-07-17,SHANGHAI,CHENNAI,2000,2050,ocean_star,as23@oceanstarsz.com,"KMTC USD2000/2050, ETD: 27-July",FW_ Update rate from China To India - Ocean Star_7.eml
2026-07-17,SHANGHAI,CHENNAI,1950,2250,ocean_star,as23@oceanstarsz.com,"SITC USD1950/2250, ETD: 29-July",FW_ Update rate from China To India - Ocean Star_7.eml
2026-07-17,SHANGHAI,CHENNAI,1950,1950,ocean_star,as23@oceanstarsz.com,"EMC USD1950/1950, ETD: 31-July",FW_ Update rate from China To India - Ocean Star_7.eml
2026-07-17,QINGDAO,CHENNAI,2150,2450,ocean_star,as23@oceanstarsz.com,"SITC USD2150/2450, ETD: 26-July",FW_ Update rate from China To India - Ocean Star_7.eml
2026-07-17,QINGDAO,CHENNAI,2300,2300,ocean_star,as23@oceanstarsz.com,"WHL USD2300/2300, ETD: 23-July",FW_ Update rate from China To India - Ocean Star_7.eml
2026-07-17,QINGDAO,CHENNAI,2450,2450,ocean_star,as23@oceanstarsz.com,"OOCL USD2450/2450, ETD: 28-July",FW_ Update rate from China To India - Ocean Star_7.eml
2026-07-17,QINGDAO,CHENNAI,,2250,ocean_star,as23@oceanstarsz.com,"COSCO USD2250/40HQ, ETD: 28-July",FW_ Update rate from China To India - Ocean Star_7.eml
2026-07-17,TIANJIN,CHENNAI,1750,1850,ocean_star,as23@oceanstarsz.com,"RCL USD1750/1850, ETD: 29-July",FW_ Update rate from China To India - Ocean Star_7.eml
2026-07-17,TIANJIN,CHENNAI,1900,2100,ocean_star,as23@oceanstarsz.com,"TSL USD1900/2100, ETD: 01-Aug",FW_ Update rate from China To India - Ocean Star_7.eml
2026-07-17,TIANJIN,CHENNAI,2050,2050,ocean_star,as23@oceanstarsz.com,"OOCL USD2050/2050, ETD: 29-July",FW_ Update rate from China To India - Ocean Star_7.eml
2026-07-17,TIANJIN,CHENNAI,1600,1600,ocean_star,as23@oceanstarsz.com,"MSC USD1600/1600, Rate valid to 27-July",FW_ Update rate from China To India - Ocean Star_7.eml
2026-07-17,XIAMEN,CHENNAI,1600,,ocean_star,as23@oceanstarsz.com,"PIL USD1600/20GP, ETD: 24-July",FW_ Update rate from China To India - Ocean Star_7.eml
2026-07-17,XIAMEN,CHENNAI,1550,1650,ocean_star,as23@oceanstarsz.com,"CMA USD1550/1650, ETD: 22-July",FW_ Update rate from China To India - Ocean Star_7.eml
2026-07-17,XIAMEN,CHENNAI,1700,1750,ocean_star,as23@oceanstarsz.com,"IAL USD1700/1750, ETD: 25-July",FW_ Update rate from China To India - Ocean Star_7.eml
2026-07-17,XIAMEN,CHENNAI,1800,1850,ocean_star,as23@oceanstarsz.com,"IAL USD1800/1850, ETD: 27-July",FW_ Update rate from China To India - Ocean Star_7.eml
2026-07-17,XIAMEN,CHENNAI,1600,1650,ocean_star,as23@oceanstarsz.com,"COSCO USD1600/1650, ETD: 25/27/29-July",FW_ Update rate from China To India - Ocean Star_7.eml
2026-07-17,DALIAN,CHENNAI,1975,2075,ocean_star,as23@oceanstarsz.com,"IAL USD1975/2075, ETD: 27-July",FW_ Update rate from China To India - Ocean Star_7.eml
2026-07-17,DALIAN,CHENNAI,1575,1575,ocean_star,as23@oceanstarsz.com,"MSC USD1575/1575, Rate valid to 26-July",FW_ Update rate from China To India - Ocean Star_7.eml
2026-07-17,DALIAN,CHENNAI,1750,1850,ocean_star,as23@oceanstarsz.com,"EMC USD1750/1850, Rate valid to 31-July",FW_ Update rate from China To India - Ocean Star_7.eml
2026-07-17,DALIAN,CHENNAI,1925,2025,ocean_star,as23@oceanstarsz.com,"WHL USD1925/2025, Rate valid to 21-July",FW_ Update rate from China To India - Ocean Star_7.eml
2026-07-17,SHENZHEN,KOLKATA,1550,1850,ocean_star,as23@oceanstarsz.com,RCL USD1550/1850 ETD03-AUG,FW_ Update rate from China To India - Ocean Star_7.eml
2026-07-17,SHENZHEN,KOLKATA,1850,2350,ocean_star,as23@oceanstarsz.com,WHL USD1850/2350 ETD24-JUL,FW_ Update rate from China To India - Ocean Star_7.eml
2026-07-17,SHENZHEN,KOLKATA,2150,3150,ocean_star,as23@oceanstarsz.com,PIL USD2150/3150  ETD31-JUL,FW_ Update rate from China To India - Ocean Star_7.eml
2026-07-17,SHENZHEN,KOLKATA,2475,3200,ocean_star,as23@oceanstarsz.com,SITC USD2475/3200 ETD27-JUL,FW_ Update rate from China To India - Ocean Star_7.eml
2026-07-17,SHENZHEN,KOLKATA,1950,1950,ocean_star,as23@oceanstarsz.com,MSC USD1950/1950 Rate valid till 26TH JUL,FW_ Update rate from China To India - Ocean Star_7.eml
2026-07-17,SHENZHEN,KOLKATA,1400,1400,ocean_star,as23@oceanstarsz.com,ONE USD1400/1400 Rate valid till 31TH JUL,FW_ Update rate from China To India - Ocean Star_7.eml
2026-07-17,SHENZHEN,KOLKATA,1750,1750,ocean_star,as23@oceanstarsz.com,COSCO USD1750/1750 Rate valid till 21TH JUL,FW_ Update rate from China To India - Ocean Star_7.eml
2026-07-17,NANSHA,KOLKATA,1500,1500,ocean_star,as23@oceanstarsz.com,ONE USD1500/1500 Rate valid till 31TH JUL,FW_ Update rate from China To India - Ocean Star_7.eml
2026-07-17,NANSHA,KOLKATA,1950,1950,ocean_star,as23@oceanstarsz.com,MSC USD1950/1950 Rate valid till 26TH JUL,FW_ Update rate from China To India - Ocean Star_7.eml
2026-07-17,NANSHA,KOLKATA,1750,1750,ocean_star,as23@oceanstarsz.com,COSCO USD1750/1750 Rate valid till 21TH JUL,FW_ Update rate from China To India - Ocean Star_7.eml
2026-07-17,NANSHA,KOLKATA,1650,1950,ocean_star,as23@oceanstarsz.com,RCL USD1650/1950 ETD24-JUL,FW_ Update rate from China To India - Ocean Star_7.eml
2026-07-17,NINGBO,KOLKATA,1900,1900,ocean_star,as23@oceanstarsz.com,ONE USD1900/1900 ETD23/27-JUL,FW_ Update rate from China To India - Ocean Star_7.eml
2026-07-17,NINGBO,KOLKATA,2350,2800,ocean_star,as23@oceanstarsz.com,SITC USD2350/2800 ETD24-JUL,FW_ Update rate from China To India - Ocean Star_7.eml
2026-07-17,NINGBO,KOLKATA,1450,2450,ocean_star,as23@oceanstarsz.com,WHL USD1450/2450 ETD24/25-JUL,FW_ Update rate from China To India - Ocean Star_7.eml
2026-07-17,NINGBO,KOLKATA,2050,2150,ocean_star,as23@oceanstarsz.com,YML USD2050/2150  ETD25-JUL,FW_ Update rate from China To India - Ocean Star_7.eml
2026-07-17,NINGBO,KOLKATA,2050,2050,ocean_star,as23@oceanstarsz.com,MSC USD2050/2050 ETD20-JUL,FW_ Update rate from China To India - Ocean Star_7.eml
2026-07-17,SHANGHAI,KOLKATA,1950,1950,ocean_star,as23@oceanstarsz.com,MSC USD1950/1950  ETD22-JUL,FW_ Update rate from China To India - Ocean Star_7.eml
2026-07-17,SHANGHAI,KOLKATA,1800,2350,ocean_star,as23@oceanstarsz.com,WHL USD1800/2350  ETD27-JUL,FW_ Update rate from China To India - Ocean Star_7.eml
2026-07-17,SHANGHAI,KOLKATA,2450,3200,ocean_star,as23@oceanstarsz.com,SITC USD2450/3200 ETD23-JUL,FW_ Update rate from China To India - Ocean Star_7.eml
2026-07-17,SHANGHAI,KOLKATA,1900,2150,ocean_star,as23@oceanstarsz.com,YML USD1900/2150  ETD25-JUL,FW_ Update rate from China To India - Ocean Star_7.eml
2026-07-17,XIAMEN,KOLKATA,1925,2050,ocean_star,as23@oceanstarsz.com,OOCL USD1925/2050 ETD24/26-JUL,FW_ Update rate from China To India - Ocean Star_7.eml
2026-07-17,XIAMEN,KOLKATA,1750,2550,ocean_star,as23@oceanstarsz.com,PIL USD1750/2550 ETD24-JUL,FW_ Update rate from China To India - Ocean Star_7.eml
2026-07-17,XIAMEN,KOLKATA,2000,2000,ocean_star,as23@oceanstarsz.com,MSC USD2000/2000 ETD23/26-JUL,FW_ Update rate from China To India - Ocean Star_7.eml
2026-07-17,XIAMEN,KOLKATA,1800,2050,ocean_star,as23@oceanstarsz.com,COSCO USD1800/2050 ETD25/27-JUL,FW_ Update rate from China To India - Ocean Star_7.eml
2026-07-17,QINGDAO,KOLKATA,2100,2100,ocean_star,as23@oceanstarsz.com,MSC USD2100/2100 ETD23-JUL,FW_ Update rate from China To India - Ocean Star_7.eml
2026-07-17,QINGDAO,KOLKATA,1950,1950,ocean_star,as23@oceanstarsz.com,MTT USD1950/1950 ETD30-JUL,FW_ Update rate from China To India - Ocean Star_7.eml
2026-07-17,QINGDAO,KOLKATA,2650,2950,ocean_star,as23@oceanstarsz.com,"SITC USD2650/2950 ETD29-JUL,20GP/40HQ over 20.9T+100/100",FW_ Update rate from China To India - Ocean Star_7.eml
2026-07-17,QINGDAO,KOLKATA,1850,2250,ocean_star,as23@oceanstarsz.com,RCL USD1850/2250 ETD22-JUL,FW_ Update rate from China To India - Ocean Star_7.eml
2026-07-17,TIANJIN,KOLKATA,2075,2075,ocean_star,as23@oceanstarsz.com,MSC USD2075/2075 ETD22-JUL,FW_ Update rate from China To India - Ocean Star_7.eml
2026-07-17,TIANJIN,KOLKATA,1950,1950,ocean_star,as23@oceanstarsz.com,COSCO USD1950/1950 ETD29-JUL,FW_ Update rate from China To India - Ocean Star_7.eml
2026-07-17,TIANJIN,KOLKATA,2350,2450,ocean_star,as23@oceanstarsz.com,RCL USD2350/2450 ETD29-JUL,FW_ Update rate from China To India - Ocean Star_7.eml
2026-07-17,DALIAN,KOLKATA,2075,2075,ocean_star,as23@oceanstarsz.com,MSC USD2075/2075 ETD21-JUL,FW_ Update rate from China To India - Ocean Star_7.eml
2026-07-17,DALIAN,KOLKATA,2100,2100,ocean_star,as23@oceanstarsz.com,COSCO USD2100/2100 ETD27-JUL,FW_ Update rate from China To India - Ocean Star_7.eml
2026-07-17,DALIAN,KOLKATA,2200,2500,ocean_star,as23@oceanstarsz.com,WHL USD2200/2500 ETD28-JUL,FW_ Update rate from China To India - Ocean Star_7.eml
2026-07-16,SHEKOU,CHENNAI,2050,,ocean_star,as01@oceanstarsz.com,"SKR USD2050/20GP, CLS: 22-July",FW_ Updated rates from Ocean Star__China-India__CHENNAI&KOLKATA_16-JULY.eml
2026-07-16,SHEKOU,CHENNAI,2150,2150,ocean_star,as01@oceanstarsz.com,"NAMSUNG USD2150/2150, CLS: 21-July",FW_ Updated rates from Ocean Star__China-India__CHENNAI&KOLKATA_16-JULY.eml
2026-07-16,SHEKOU,CHENNAI,2150,2150,ocean_star,as01@oceanstarsz.com,"WHL USD2150/2150, CLS: 19-July",FW_ Updated rates from Ocean Star__China-India__CHENNAI&KOLKATA_16-JULY.eml
2026-07-16,SHEKOU,CHENNAI,2150,2150,ocean_star,as01@oceanstarsz.com,"IAL USD2150/2150, CLS: 20-July",FW_ Updated rates from Ocean Star__China-India__CHENNAI&KOLKATA_16-JULY.eml
2026-07-16,SHEKOU,CHENNAI,2150,2250,ocean_star,as01@oceanstarsz.com,"SJJ USD2150/2250, CLS: 20-July",FW_ Updated rates from Ocean Star__China-India__CHENNAI&KOLKATA_16-JULY.eml
2026-07-16,SHEKOU,CHENNAI,2230,2450,ocean_star,as01@oceanstarsz.com,"TSL USD2230/2450, CLS: 22-July",FW_ Updated rates from Ocean Star__China-India__CHENNAI&KOLKATA_16-JULY.eml
2026-07-16,SHEKOU,CHENNAI,2450,2650,ocean_star,as01@oceanstarsz.com,"KMTC USD2450/2650, CLS: 22-July",FW_ Updated rates from Ocean Star__China-India__CHENNAI&KOLKATA_16-JULY.eml
2026-07-16,NANSHA,CHENNAI,1950,1950,ocean_star,as01@oceanstarsz.com,"WHL USD1950/1950, CLS: 23-July",FW_ Updated rates from Ocean Star__China-India__CHENNAI&KOLKATA_16-JULY.eml
2026-07-16,NANSHA,CHENNAI,1950,2050,ocean_star,as01@oceanstarsz.com,"RCL USD1950/2050, CLS: 22-July",FW_ Updated rates from Ocean Star__China-India__CHENNAI&KOLKATA_16-JULY.eml
2026-07-16,NANSHA,CHENNAI,2100,2100,ocean_star,as01@oceanstarsz.com,"IAL USD2100/2100, CLS: 19-July",FW_ Updated rates from Ocean Star__China-India__CHENNAI&KOLKATA_16-JULY.eml
2026-07-16,NANSHA,CHENNAI,2150,2200,ocean_star,as01@oceanstarsz.com,"COSCO USD2150/2200, rate valid to 31-July",FW_ Updated rates from Ocean Star__China-India__CHENNAI&KOLKATA_16-JULY.eml
2026-07-16,NINGBO,CHENNAI,1800,1950,ocean_star,as01@oceanstarsz.com,"TRL USD1800/1950, ETD: 21-July",FW_ Updated rates from Ocean Star__China-India__CHENNAI&KOLKATA_16-JULY.eml
2026-07-16,NINGBO,CHENNAI,1950,2050,ocean_star,as01@oceanstarsz.com,"PIL USD1950/2050, ETD: 21-July",FW_ Updated rates from Ocean Star__China-India__CHENNAI&KOLKATA_16-JULY.eml
2026-07-16,NINGBO,CHENNAI,,2050,ocean_star,as01@oceanstarsz.com,"EMC USD2050/40HQ, ETD: 21-July",FW_ Updated rates from Ocean Star__China-India__CHENNAI&KOLKATA_16-JULY.eml
2026-07-16,NINGBO,CHENNAI,2050,2050,ocean_star,as01@oceanstarsz.com,"IAL USD2050/2050, ETD: 21-July",FW_ Updated rates from Ocean Star__China-India__CHENNAI&KOLKATA_16-JULY.eml
2026-07-16,SHANGHAI,CHENNAI,1825,1900,ocean_star,as01@oceanstarsz.com,"IAL USD1825/1900, ETD: 25-July",FW_ Updated rates from Ocean Star__China-India__CHENNAI&KOLKATA_16-JULY.eml
2026-07-16,SHANGHAI,CHENNAI,1850,1950,ocean_star,as01@oceanstarsz.com,"SNL USD1850/1950, ETD: 23/25-July",FW_ Updated rates from Ocean Star__China-India__CHENNAI&KOLKATA_16-JULY.eml
2026-07-16,SHANGHAI,CHENNAI,1950,1950,ocean_star,as01@oceanstarsz.com,"WHL USD1950/1950, ETD: 29-July",FW_ Updated rates from Ocean Star__China-India__CHENNAI&KOLKATA_16-JULY.eml
2026-07-16,SHANGHAI,CHENNAI,2000,2050,ocean_star,as01@oceanstarsz.com,"KMTC USD2000/2050, ETD: 27-July",FW_ Updated rates from Ocean Star__China-India__CHENNAI&KOLKATA_16-JULY.eml
2026-07-16,SHANGHAI,CHENNAI,1950,2250,ocean_star,as01@oceanstarsz.com,"SITC USD1950/2250, ETD: 29-July",FW_ Updated rates from Ocean Star__China-India__CHENNAI&KOLKATA_16-JULY.eml
2026-07-16,QINGDAO,CHENNAI,1650,1650,ocean_star,as01@oceanstarsz.com,"MSC USD1650/1650, ETD: 23-July",FW_ Updated rates from Ocean Star__China-India__CHENNAI&KOLKATA_16-JULY.eml
2026-07-16,QINGDAO,CHENNAI,2200,2500,ocean_star,as01@oceanstarsz.com,"SITC USD2200/2500, ETD: 26-July",FW_ Updated rates from Ocean Star__China-India__CHENNAI&KOLKATA_16-JULY.eml
2026-07-16,QINGDAO,CHENNAI,,2300,ocean_star,as01@oceanstarsz.com,"COSCO USD2300/40HQ, ETD: 28-July",FW_ Updated rates from Ocean Star__China-India__CHENNAI&KOLKATA_16-JULY.eml
2026-07-16,QINGDAO,CHENNAI,2300,2400,ocean_star,as01@oceanstarsz.com,"SNL USD2300/2400, ETD: 22-July",FW_ Updated rates from Ocean Star__China-India__CHENNAI&KOLKATA_16-JULY.eml
2026-07-16,QINGDAO,CHENNAI,2350,2350,ocean_star,as01@oceanstarsz.com,"WHL USD2350/2350, ETD: 23-July",FW_ Updated rates from Ocean Star__China-India__CHENNAI&KOLKATA_16-JULY.eml
2026-07-16,QINGDAO,CHENNAI,2500,2500,ocean_star,as01@oceanstarsz.com,"OOCL USD2500/2500, ETD: 28-July",FW_ Updated rates from Ocean Star__China-India__CHENNAI&KOLKATA_16-JULY.eml
2026-07-16,TIANJIN,CHENNAI,1800,1900,ocean_star,as01@oceanstarsz.com,"RCL USD1800/1900, ETD: 29-July",FW_ Updated rates from Ocean Star__China-India__CHENNAI&KOLKATA_16-JULY.eml
2026-07-16,TIANJIN,CHENNAI,1900,2100,ocean_star,as01@oceanstarsz.com,"TSL USD1900/2100, ETD: 22-July",FW_ Updated rates from Ocean Star__China-India__CHENNAI&KOLKATA_16-JULY.eml
2026-07-16,TIANJIN,CHENNAI,1650,1650,ocean_star,as01@oceanstarsz.com,"MSC USD1650/1650, Rate valid to 27-July",FW_ Updated rates from Ocean Star__China-India__CHENNAI&KOLKATA_16-JULY.eml
2026-07-16,TIANJIN,CHENNAI,1900,2000,ocean_star,as01@oceanstarsz.com,"KMTC USD1900/2000, Rate valid to 25-July",FW_ Updated rates from Ocean Star__China-India__CHENNAI&KOLKATA_16-JULY.eml
2026-07-16,XIAMEN,CHENNAI,1600,,ocean_star,as01@oceanstarsz.com,"PIL USD1600/20GP, ETD: 24-July",FW_ Updated rates from Ocean Star__China-India__CHENNAI&KOLKATA_16-JULY.eml
2026-07-16,XIAMEN,CHENNAI,1650,1700,ocean_star,as01@oceanstarsz.com,"IAL USD1650/1700, ETD: 22-July",FW_ Updated rates from Ocean Star__China-India__CHENNAI&KOLKATA_16-JULY.eml
2026-07-16,XIAMEN,CHENNAI,1600,1600,ocean_star,as01@oceanstarsz.com,"OOCL USD1600/1600, ETD: 24/28-July",FW_ Updated rates from Ocean Star__China-India__CHENNAI&KOLKATA_16-JULY.eml
2026-07-16,XIAMEN,CHENNAI,1600,1650,ocean_star,as01@oceanstarsz.com,"COSCO USD1600/1650, ETD: 21/25/27/29-July",FW_ Updated rates from Ocean Star__China-India__CHENNAI&KOLKATA_16-JULY.eml
2026-07-16,DALIAN,CHENNAI,2025,2125,ocean_star,as01@oceanstarsz.com,"IAL USD2025/2125, ETD: 27-July",FW_ Updated rates from Ocean Star__China-India__CHENNAI&KOLKATA_16-JULY.eml
2026-07-16,DALIAN,CHENNAI,1625,1625,ocean_star,as01@oceanstarsz.com,"MSC USD1625/1625, Rate valid to 26-July",FW_ Updated rates from Ocean Star__China-India__CHENNAI&KOLKATA_16-JULY.eml
2026-07-16,DALIAN,CHENNAI,1800,1900,ocean_star,as01@oceanstarsz.com,"EMC USD1800/1900, Rate valid to 21-July",FW_ Updated rates from Ocean Star__China-India__CHENNAI&KOLKATA_16-JULY.eml
2026-07-16,DALIAN,CHENNAI,1975,2075,ocean_star,as01@oceanstarsz.com,"WHL USD1975/2075, Rate valid to 21-July",FW_ Updated rates from Ocean Star__China-India__CHENNAI&KOLKATA_16-JULY.eml
2026-07-16,SHENZHEN,KOLKATA,1550,1850,ocean_star,as01@oceanstarsz.com,RCL USD1550/1850 ETD20/26-JUL,FW_ Updated rates from Ocean Star__China-India__CHENNAI&KOLKATA_16-JULY.eml
2026-07-16,SHENZHEN,KOLKATA,1850,2350,ocean_star,as01@oceanstarsz.com,WHL USD1850/2350 ETD24-JUL,FW_ Updated rates from Ocean Star__China-India__CHENNAI&KOLKATA_16-JULY.eml
2026-07-16,SHENZHEN,KOLKATA,2475,3200,ocean_star,as01@oceanstarsz.com,SITC USD2475/3200 ETD27-JUL,FW_ Updated rates from Ocean Star__China-India__CHENNAI&KOLKATA_16-JULY.eml
2026-07-16,SHENZHEN,KOLKATA,1950,1950,ocean_star,as01@oceanstarsz.com,MSC USD1950/1950 Rate valid till 26TH JUL,FW_ Updated rates from Ocean Star__China-India__CHENNAI&KOLKATA_16-JULY.eml
2026-07-16,SHENZHEN,KOLKATA,1550,1750,ocean_star,as01@oceanstarsz.com,ONE USD1550/1750  Rate valid till 21TH JUL,FW_ Updated rates from Ocean Star__China-India__CHENNAI&KOLKATA_16-JULY.eml
2026-07-16,SHENZHEN,KOLKATA,1750,1750,ocean_star,as01@oceanstarsz.com,COSCO USD1750/1750 Rate valid till 21TH JUL,FW_ Updated rates from Ocean Star__China-India__CHENNAI&KOLKATA_16-JULY.eml
2026-07-16,NANSHA,KOLKATA,1650,1850,ocean_star,as01@oceanstarsz.com,ONE USD1650/1850  Rate valid till 21TH JUL,FW_ Updated rates from Ocean Star__China-India__CHENNAI&KOLKATA_16-JULY.eml
2026-07-16,NANSHA,KOLKATA,1950,1950,ocean_star,as01@oceanstarsz.com,MSC USD1950/1950 Rate valid till 26TH JUL,FW_ Updated rates from Ocean Star__China-India__CHENNAI&KOLKATA_16-JULY.eml
2026-07-16,NANSHA,KOLKATA,1750,1750,ocean_star,as01@oceanstarsz.com,COSCO USD1750/1750 Rate valid till 21TH JUL,FW_ Updated rates from Ocean Star__China-India__CHENNAI&KOLKATA_16-JULY.eml
2026-07-16,NANSHA,KOLKATA,1650,1950,ocean_star,as01@oceanstarsz.com,RCL USD1650/1950 ETD24-JUL,FW_ Updated rates from Ocean Star__China-India__CHENNAI&KOLKATA_16-JULY.eml
2026-07-16,NINGBO,KOLKATA,2350,2800,ocean_star,as01@oceanstarsz.com,SITC USD2350/2800 ETD24-JUL,FW_ Updated rates from Ocean Star__China-India__CHENNAI&KOLKATA_16-JULY.eml
2026-07-16,NINGBO,KOLKATA,1450,2450,ocean_star,as01@oceanstarsz.com,WHL USD1450/2450 ETD24/25-JUL,FW_ Updated rates from Ocean Star__China-India__CHENNAI&KOLKATA_16-JULY.eml
2026-07-16,SHANGHAI,KOLKATA,1950,1950,ocean_star,as01@oceanstarsz.com,MSC USD1950/1950  ETD22-JUL,FW_ Updated rates from Ocean Star__China-India__CHENNAI&KOLKATA_16-JULY.eml
2026-07-16,SHANGHAI,KOLKATA,1900,2200,ocean_star,as01@oceanstarsz.com,YML USD1900/2200  ETD21-JUL,FW_ Updated rates from Ocean Star__China-India__CHENNAI&KOLKATA_16-JULY.eml
2026-07-16,XIAMEN,KOLKATA,1800,2600,ocean_star,as01@oceanstarsz.com,PIL USD1800/2600 ETD24-JUL,FW_ Updated rates from Ocean Star__China-India__CHENNAI&KOLKATA_16-JULY.eml
2026-07-16,QINGDAO,KOLKATA,2150,2150,ocean_star,as01@oceanstarsz.com,MSC USD2150/2150 ETD23-JUL,FW_ Updated rates from Ocean Star__China-India__CHENNAI&KOLKATA_16-JULY.eml
2026-07-16,QINGDAO,KOLKATA,2200,2200,ocean_star,as01@oceanstarsz.com,MTT USD2200/2200 ETD24-JUL,FW_ Updated rates from Ocean Star__China-India__CHENNAI&KOLKATA_16-JULY.eml
2026-07-16,QINGDAO,KOLKATA,1900,2300,ocean_star,as01@oceanstarsz.com,RCL USD1900/2300 ETD22-JUL,FW_ Updated rates from Ocean Star__China-India__CHENNAI&KOLKATA_16-JULY.eml
2026-07-16,TIANJIN,KOLKATA,2000,2000,ocean_star,as01@oceanstarsz.com,COSCO USD2000/2000 ETD29-JUL,FW_ Updated rates from Ocean Star__China-India__CHENNAI&KOLKATA_16-JULY.eml
2026-07-16,TIANJIN,KOLKATA,2400,2500,ocean_star,as01@oceanstarsz.com,RCL USD2400/2500 ETD29-JUL,FW_ Updated rates from Ocean Star__China-India__CHENNAI&KOLKATA_16-JULY.eml
2026-07-16,DALIAN,KOLKATA,2125,2125,ocean_star,as01@oceanstarsz.com,MSC USD2125/2125 ETD21-JUL,FW_ Updated rates from Ocean Star__China-India__CHENNAI&KOLKATA_16-JULY.eml
2026-07-16,DALIAN,KOLKATA,2300,2600,ocean_star,as01@oceanstarsz.com,WHL USD2300/2600 ETD21-JUL,FW_ Updated rates from Ocean Star__China-India__CHENNAI&KOLKATA_16-JULY.eml
2026-07-17,SHEKOU,CHENNAI,2050,,ocean_star,as01@oceanstarsz.com,"SKR USD2050/20GP, CLS: 22-July",FW_ Updated rates from Ocean Star__China-India__CHENNAI&KOLKATA_17-JULY.eml
2026-07-17,SHEKOU,CHENNAI,2050,2050,ocean_star,as01@oceanstarsz.com,"WHL USD2050/2050, CLS: 19-July",FW_ Updated rates from Ocean Star__China-India__CHENNAI&KOLKATA_17-JULY.eml
2026-07-17,SHEKOU,CHENNAI,2150,2150,ocean_star,as01@oceanstarsz.com,"NAMSUNG USD2150/2150, CLS: 21-July",FW_ Updated rates from Ocean Star__China-India__CHENNAI&KOLKATA_17-JULY.eml
2026-07-17,SHEKOU,CHENNAI,2150,2150,ocean_star,as01@oceanstarsz.com,"IAL USD2150/2150, CLS: 20-July",FW_ Updated rates from Ocean Star__China-India__CHENNAI&KOLKATA_17-JULY.eml
2026-07-17,SHEKOU,CHENNAI,2150,2250,ocean_star,as01@oceanstarsz.com,"SJJ USD2150/2250, CLS: 20-July",FW_ Updated rates from Ocean Star__China-India__CHENNAI&KOLKATA_17-JULY.eml
2026-07-17,SHEKOU,CHENNAI,2250,2350,ocean_star,as01@oceanstarsz.com,"SJJ USD2250/2350, CLS: 24-July",FW_ Updated rates from Ocean Star__China-India__CHENNAI&KOLKATA_17-JULY.eml
2026-07-17,SHEKOU,CHENNAI,2230,2450,ocean_star,as01@oceanstarsz.com,"TSL USD2230/2450, CLS: 22-July",FW_ Updated rates from Ocean Star__China-India__CHENNAI&KOLKATA_17-JULY.eml
2026-07-17,SHEKOU,CHENNAI,2450,2650,ocean_star,as01@oceanstarsz.com,"KMTC USD2450/2650, CLS: 22-July",FW_ Updated rates from Ocean Star__China-India__CHENNAI&KOLKATA_17-JULY.eml
2026-07-17,NANSHA,CHENNAI,1950,1950,ocean_star,as01@oceanstarsz.com,"WHL USD1950/1950, CLS: 23-July",FW_ Updated rates from Ocean Star__China-India__CHENNAI&KOLKATA_17-JULY.eml
2026-07-17,NANSHA,CHENNAI,1950,2050,ocean_star,as01@oceanstarsz.com,"RCL USD1950/2050, CLS: 22-July",FW_ Updated rates from Ocean Star__China-India__CHENNAI&KOLKATA_17-JULY.eml
2026-07-17,NANSHA,CHENNAI,2100,2100,ocean_star,as01@oceanstarsz.com,"IAL USD2100/2100, CLS: 19-July",FW_ Updated rates from Ocean Star__China-India__CHENNAI&KOLKATA_17-JULY.eml
2026-07-17,NANSHA,CHENNAI,2000,2100,ocean_star,as01@oceanstarsz.com,"NAMSUNG USD2000/2100, CLS: 23-July",FW_ Updated rates from Ocean Star__China-India__CHENNAI&KOLKATA_17-JULY.eml
2026-07-17,NANSHA,CHENNAI,2150,2200,ocean_star,as01@oceanstarsz.com,"COSCO USD2150/2200, rate valid to 31-July",FW_ Updated rates from Ocean Star__China-India__CHENNAI&KOLKATA_17-JULY.eml
2026-07-17,NINGBO,CHENNAI,2050,2100,ocean_star,as01@oceanstarsz.com,"IAL USD2050/2100, ETD: 29-July",FW_ Updated rates from Ocean Star__China-India__CHENNAI&KOLKATA_17-JULY.eml
2026-07-17,NINGBO,CHENNAI,,2100,ocean_star,as01@oceanstarsz.com,"SNL USD2100/40HQ, ETD: 26-July",FW_ Updated rates from Ocean Star__China-India__CHENNAI&KOLKATA_17-JULY.eml
2026-07-17,NINGBO,CHENNAI,2150,2150,ocean_star,as01@oceanstarsz.com,"OOCL USD2150/2150, ETD: 29-July",FW_ Updated rates from Ocean Star__China-India__CHENNAI&KOLKATA_17-JULY.eml
2026-07-17,SHANGHAI,CHENNAI,1850,1950,ocean_star,as01@oceanstarsz.com,"SNL USD1850/1950, ETD: 23/25-July",FW_ Updated rates from Ocean Star__China-India__CHENNAI&KOLKATA_17-JULY.eml
2026-07-17,SHANGHAI,CHENNAI,1825,1900,ocean_star,as01@oceanstarsz.com,"IAL USD1825/1900, ETD: 25-July",FW_ Updated rates from Ocean Star__China-India__CHENNAI&KOLKATA_17-JULY.eml
2026-07-17,SHANGHAI,CHENNAI,1950,1950,ocean_star,as01@oceanstarsz.com,"WHL USD1950/1950, ETD: 29-July",FW_ Updated rates from Ocean Star__China-India__CHENNAI&KOLKATA_17-JULY.eml
2026-07-17,SHANGHAI,CHENNAI,2000,2050,ocean_star,as01@oceanstarsz.com,"KMTC USD2000/2050, ETD: 27-July",FW_ Updated rates from Ocean Star__China-India__CHENNAI&KOLKATA_17-JULY.eml
2026-07-17,SHANGHAI,CHENNAI,1950,2250,ocean_star,as01@oceanstarsz.com,"SITC USD1950/2250, ETD: 29-July",FW_ Updated rates from Ocean Star__China-India__CHENNAI&KOLKATA_17-JULY.eml
2026-07-17,SHANGHAI,CHENNAI,1950,1950,ocean_star,as01@oceanstarsz.com,"EMC USD1950/1950, ETD: 31-July",FW_ Updated rates from Ocean Star__China-India__CHENNAI&KOLKATA_17-JULY.eml
2026-07-17,QINGDAO,CHENNAI,1650,1650,ocean_star,as01@oceanstarsz.com,"MSC USD1650/1650, ETD: 23-July",FW_ Updated rates from Ocean Star__China-India__CHENNAI&KOLKATA_17-JULY.eml
2026-07-17,QINGDAO,CHENNAI,2200,2500,ocean_star,as01@oceanstarsz.com,"SITC USD2200/2500, ETD: 26-July",FW_ Updated rates from Ocean Star__China-India__CHENNAI&KOLKATA_17-JULY.eml
2026-07-17,QINGDAO,CHENNAI,2300,2400,ocean_star,as01@oceanstarsz.com,"SNL USD2300/2400, ETD: 22-July",FW_ Updated rates from Ocean Star__China-India__CHENNAI&KOLKATA_17-JULY.eml
2026-07-17,QINGDAO,CHENNAI,2350,2350,ocean_star,as01@oceanstarsz.com,"WHL USD2350/2350, ETD: 23-July",FW_ Updated rates from Ocean Star__China-India__CHENNAI&KOLKATA_17-JULY.eml
2026-07-17,QINGDAO,CHENNAI,2500,2500,ocean_star,as01@oceanstarsz.com,"OOCL USD2500/2500, ETD: 28-July",FW_ Updated rates from Ocean Star__China-India__CHENNAI&KOLKATA_17-JULY.eml
2026-07-17,QINGDAO,CHENNAI,,2300,ocean_star,as01@oceanstarsz.com,"COSCO USD2300/40HQ, ETD: 28-July",FW_ Updated rates from Ocean Star__China-India__CHENNAI&KOLKATA_17-JULY.eml
2026-07-17,TIANJIN,CHENNAI,1800,1900,ocean_star,as01@oceanstarsz.com,"RCL USD1800/1900, ETD: 29-July",FW_ Updated rates from Ocean Star__China-India__CHENNAI&KOLKATA_17-JULY.eml
2026-07-17,TIANJIN,CHENNAI,2100,2100,ocean_star,as01@oceanstarsz.com,"OOCL USD2100/2100, ETD: 27/29-July",FW_ Updated rates from Ocean Star__China-India__CHENNAI&KOLKATA_17-JULY.eml
2026-07-17,TIANJIN,CHENNAI,1650,1650,ocean_star,as01@oceanstarsz.com,"MSC USD1650/1650, Rate valid to 27-July",FW_ Updated rates from Ocean Star__China-India__CHENNAI&KOLKATA_17-JULY.eml
2026-07-17,TIANJIN,CHENNAI,1900,2000,ocean_star,as01@oceanstarsz.com,"KMTC USD1900/2000, Rate valid to 25-July",FW_ Updated rates from Ocean Star__China-India__CHENNAI&KOLKATA_17-JULY.eml
2026-07-17,XIAMEN,CHENNAI,1600,,ocean_star,as01@oceanstarsz.com,"PIL USD1600/20GP, ETD: 24-July",FW_ Updated rates from Ocean Star__China-India__CHENNAI&KOLKATA_17-JULY.eml
2026-07-17,XIAMEN,CHENNAI,1550,1650,ocean_star,as01@oceanstarsz.com,"CMA USD1550/1650, ETD: 22-July",FW_ Updated rates from Ocean Star__China-India__CHENNAI&KOLKATA_17-JULY.eml
2026-07-17,XIAMEN,CHENNAI,1500,1500,ocean_star,as01@oceanstarsz.com,"MSC USD1500/1500, ETD: 23/26-July",FW_ Updated rates from Ocean Star__China-India__CHENNAI&KOLKATA_17-JULY.eml
2026-07-17,XIAMEN,CHENNAI,1600,1600,ocean_star,as01@oceanstarsz.com,"OOCL USD1600/1600, ETD: 24/28-July",FW_ Updated rates from Ocean Star__China-India__CHENNAI&KOLKATA_17-JULY.eml
2026-07-17,XIAMEN,CHENNAI,1550,1600,ocean_star,as01@oceanstarsz.com,"COSCO USD1550/1600, ETD: 21/25/27/29-July",FW_ Updated rates from Ocean Star__China-India__CHENNAI&KOLKATA_17-JULY.eml
2026-07-17,DALIAN,CHENNAI,2025,2125,ocean_star,as01@oceanstarsz.com,"IAL USD2025/2125, ETD: 27-July",FW_ Updated rates from Ocean Star__China-India__CHENNAI&KOLKATA_17-JULY.eml
2026-07-17,DALIAN,CHENNAI,1625,1625,ocean_star,as01@oceanstarsz.com,"MSC USD1625/1625, Rate valid to 26-July",FW_ Updated rates from Ocean Star__China-India__CHENNAI&KOLKATA_17-JULY.eml
2026-07-17,DALIAN,CHENNAI,1800,1900,ocean_star,as01@oceanstarsz.com,"EMC USD1800/1900, Rate valid to 31-July",FW_ Updated rates from Ocean Star__China-India__CHENNAI&KOLKATA_17-JULY.eml
2026-07-17,DALIAN,CHENNAI,1975,2075,ocean_star,as01@oceanstarsz.com,"WHL USD1975/2075, Rate valid to 21-July",FW_ Updated rates from Ocean Star__China-India__CHENNAI&KOLKATA_17-JULY.eml
2026-07-17,SHENZHEN,KOLKATA,1550,1850,ocean_star,as01@oceanstarsz.com,RCL USD1550/1850 ETD26-JUL,FW_ Updated rates from Ocean Star__China-India__CHENNAI&KOLKATA_17-JULY.eml
2026-07-17,SHENZHEN,KOLKATA,1850,2350,ocean_star,as01@oceanstarsz.com,WHL USD1850/2350 ETD24-JUL,FW_ Updated rates from Ocean Star__China-India__CHENNAI&KOLKATA_17-JULY.eml
2026-07-17,SHENZHEN,KOLKATA,2475,3200,ocean_star,as01@oceanstarsz.com,SITC USD2475/3200 ETD27-JUL,FW_ Updated rates from Ocean Star__China-India__CHENNAI&KOLKATA_17-JULY.eml
2026-07-17,SHENZHEN,KOLKATA,1950,1950,ocean_star,as01@oceanstarsz.com,MSC USD1950/1950 Rate valid till 26TH JUL,FW_ Updated rates from Ocean Star__China-India__CHENNAI&KOLKATA_17-JULY.eml
2026-07-17,NANSHA,KOLKATA,1650,1850,ocean_star,as01@oceanstarsz.com,ONE USD1650/1850  Rate valid till 21TH JUL,FW_ Updated rates from Ocean Star__China-India__CHENNAI&KOLKATA_17-JULY.eml
2026-07-17,NANSHA,KOLKATA,1950,1950,ocean_star,as01@oceanstarsz.com,MSC USD1950/1950 Rate valid till 26TH JUL,FW_ Updated rates from Ocean Star__China-India__CHENNAI&KOLKATA_17-JULY.eml
2026-07-17,NANSHA,KOLKATA,1650,1950,ocean_star,as01@oceanstarsz.com,RCL USD1650/1950 ETD24-JUL,FW_ Updated rates from Ocean Star__China-India__CHENNAI&KOLKATA_17-JULY.eml
2026-07-17,NINGBO,KOLKATA,2350,2800,ocean_star,as01@oceanstarsz.com,SITC USD2350/2800 ETD24-JUL,FW_ Updated rates from Ocean Star__China-India__CHENNAI&KOLKATA_17-JULY.eml
2026-07-17,NINGBO,KOLKATA,1450,2450,ocean_star,as01@oceanstarsz.com,WHL USD1450/2450 ETD24/25-JUL,FW_ Updated rates from Ocean Star__China-India__CHENNAI&KOLKATA_17-JULY.eml
2026-07-17,NINGBO,KOLKATA,2050,2150,ocean_star,as01@oceanstarsz.com,YML USD2050/2150  ETD25-JUL,FW_ Updated rates from Ocean Star__China-India__CHENNAI&KOLKATA_17-JULY.eml
2026-07-17,SHANGHAI,KOLKATA,1950,1950,ocean_star,as01@oceanstarsz.com,MSC USD1950/1950  ETD22-JUL,FW_ Updated rates from Ocean Star__China-India__CHENNAI&KOLKATA_17-JULY.eml
2026-07-17,SHANGHAI,KOLKATA,2450,3200,ocean_star,as01@oceanstarsz.com,SITC USD2450/3200 ETD23-JUL,FW_ Updated rates from Ocean Star__China-India__CHENNAI&KOLKATA_17-JULY.eml
2026-07-17,XIAMEN,KOLKATA,1925,2050,ocean_star,as01@oceanstarsz.com,OOCL USD1925/2050 ETD24/26-JUL,FW_ Updated rates from Ocean Star__China-India__CHENNAI&KOLKATA_17-JULY.eml
2026-07-17,XIAMEN,KOLKATA,1750,2550,ocean_star,as01@oceanstarsz.com,PIL USD1750/2550 ETD24-JUL,FW_ Updated rates from Ocean Star__China-India__CHENNAI&KOLKATA_17-JULY.eml
2026-07-17,XIAMEN,KOLKATA,2000,2000,ocean_star,as01@oceanstarsz.com,MSC USD2000/2000 ETD23/26-JUL,FW_ Updated rates from Ocean Star__China-India__CHENNAI&KOLKATA_17-JULY.eml
2026-07-17,XIAMEN,KOLKATA,1800,2050,ocean_star,as01@oceanstarsz.com,COSCO USD1800/2050 ETD25/27-JUL,FW_ Updated rates from Ocean Star__China-India__CHENNAI&KOLKATA_17-JULY.eml
2026-07-17,QINGDAO,KOLKATA,2150,2150,ocean_star,as01@oceanstarsz.com,MSC USD2150/2150 ETD23-JUL,FW_ Updated rates from Ocean Star__China-India__CHENNAI&KOLKATA_17-JULY.eml
2026-07-17,QINGDAO,KOLKATA,2000,2000,ocean_star,as01@oceanstarsz.com,MTT USD2000/2000 ETD30-JUL,FW_ Updated rates from Ocean Star__China-India__CHENNAI&KOLKATA_17-JULY.eml
2026-07-17,QINGDAO,KOLKATA,2700,3000,ocean_star,as01@oceanstarsz.com,"SITC USD2700/3000 ETD29-JUL,20GP/40HQ over 20.9T+100/100",FW_ Updated rates from Ocean Star__China-India__CHENNAI&KOLKATA_17-JULY.eml
2026-07-17,QINGDAO,KOLKATA,1900,2300,ocean_star,as01@oceanstarsz.com,RCL USD1900/2300 ETD22-JUL,FW_ Updated rates from Ocean Star__China-India__CHENNAI&KOLKATA_17-JULY.eml
2026-07-17,TIANJIN,KOLKATA,2000,2000,ocean_star,as01@oceanstarsz.com,COSCO USD2000/2000 ETD29-JUL,FW_ Updated rates from Ocean Star__China-India__CHENNAI&KOLKATA_17-JULY.eml
2026-07-17,TIANJIN,KOLKATA,2400,2500,ocean_star,as01@oceanstarsz.com,RCL USD2400/2500 ETD29-JUL,FW_ Updated rates from Ocean Star__China-India__CHENNAI&KOLKATA_17-JULY.eml
2026-07-17,DALIAN,KOLKATA,2125,2125,ocean_star,as01@oceanstarsz.com,MSC USD2125/2125 ETD21-JUL,FW_ Updated rates from Ocean Star__China-India__CHENNAI&KOLKATA_17-JULY.eml
2026-07-17,DALIAN,KOLKATA,2300,2600,ocean_star,as01@oceanstarsz.com,WHL USD2300/2600 ETD21-JUL,FW_ Updated rates from Ocean Star__China-India__CHENNAI&KOLKATA_17-JULY.eml
2026-07-16,SHENZHEN,NHAVA SHEVA,1525,1625,ocean_star,as01@oceanstarsz.com,EMC USD1525/1625 CLS18/19/22/24-Jul,FW_ Updated rates from Ocean Star__China-India__NHAVA SHEVA_16-JULY.eml
2026-07-16,SHENZHEN,NHAVA SHEVA,1600,1600,ocean_star,as01@oceanstarsz.com,WHL USD1600/1600 CLS22-Jul,FW_ Updated rates from Ocean Star__China-India__NHAVA SHEVA_16-JULY.eml
2026-07-16,SHENZHEN,NHAVA SHEVA,1650,1750,ocean_star,as01@oceanstarsz.com,ESL USD1650/1750 ETD20-Jul 10days free time,FW_ Updated rates from Ocean Star__China-India__NHAVA SHEVA_16-JULY.eml
2026-07-16,SHENZHEN,NHAVA SHEVA,,1550,ocean_star,as01@oceanstarsz.com,ONE USD1550/40HQ CLS19-Jul,FW_ Updated rates from Ocean Star__China-India__NHAVA SHEVA_16-JULY.eml
2026-07-16,SHENZHEN,NHAVA SHEVA,1550,1650,ocean_star,as01@oceanstarsz.com,KMTC USD1550/1650 ETD20-Jul,FW_ Updated rates from Ocean Star__China-India__NHAVA SHEVA_16-JULY.eml
2026-07-16,SHENZHEN,NHAVA SHEVA,1600,1600,ocean_star,as01@oceanstarsz.com,IAL USD1600/1600 CLS18-Jul,FW_ Updated rates from Ocean Star__China-India__NHAVA SHEVA_16-JULY.eml
2026-07-16,SHENZHEN,NHAVA SHEVA,1550,1550,ocean_star,as01@oceanstarsz.com,RCL USD1550/1550 CLS24/25-Jul,FW_ Updated rates from Ocean Star__China-India__NHAVA SHEVA_16-JULY.eml
2026-07-16,SHENZHEN,NHAVA SHEVA,1550,1650,ocean_star,as01@oceanstarsz.com,SJJ USD1550/1650 CLS25-Jul,FW_ Updated rates from Ocean Star__China-India__NHAVA SHEVA_16-JULY.eml
2026-07-16,SHENZHEN,NHAVA SHEVA,1550,1550,ocean_star,as01@oceanstarsz.com,TSL USD1550/1550 CLS22-Jul,FW_ Updated rates from Ocean Star__China-India__NHAVA SHEVA_16-JULY.eml
2026-07-16,SHENZHEN,NHAVA SHEVA,1750,1750,ocean_star,as01@oceanstarsz.com,MSC USD1750/1750 CLS20/25-Jul,FW_ Updated rates from Ocean Star__China-India__NHAVA SHEVA_16-JULY.eml
2026-07-16,SHENZHEN,NHAVA SHEVA,,1510,ocean_star,as01@oceanstarsz.com,HPL USD1510/40HQ CLS22-Jul,FW_ Updated rates from Ocean Star__China-India__NHAVA SHEVA_16-JULY.eml
2026-07-16,SHENZHEN,NHAVA SHEVA,1550,1550,ocean_star,as01@oceanstarsz.com,COSCO USD1550/1550 CLS21/22-Jul,FW_ Updated rates from Ocean Star__China-India__NHAVA SHEVA_16-JULY.eml
2026-07-16,SHENZHEN,NHAVA SHEVA,1750,1750,ocean_star,as01@oceanstarsz.com,MSC USD1750/1750 CLS20-Jul,FW_ Updated rates from Ocean Star__China-India__NHAVA SHEVA_16-JULY.eml
2026-07-16,SHENZHEN,NHAVA SHEVA,1650,1650,ocean_star,as01@oceanstarsz.com,CUL USD1650/1650 CLS23-Jul,FW_ Updated rates from Ocean Star__China-India__NHAVA SHEVA_16-JULY.eml
2026-07-16,NANSHA,NHAVA SHEVA,1650,1750,ocean_star,as01@oceanstarsz.com,ESL USD1650/1750 ETD19-Jul 10days free time,FW_ Updated rates from Ocean Star__China-India__NHAVA SHEVA_16-JULY.eml
2026-07-16,NANSHA,NHAVA SHEVA,1525,1625,ocean_star,as01@oceanstarsz.com,EMC USD1525/1625 CLS23-Jul,FW_ Updated rates from Ocean Star__China-India__NHAVA SHEVA_16-JULY.eml
2026-07-16,NANSHA,NHAVA SHEVA,1750,1750,ocean_star,as01@oceanstarsz.com,MSC USD1750/1750 CLS18-Jul,FW_ Updated rates from Ocean Star__China-India__NHAVA SHEVA_16-JULY.eml
2026-07-16,NANSHA,NHAVA SHEVA,,1575,ocean_star,as01@oceanstarsz.com,WHL USD1575/40HQ CLS18-Jul,FW_ Updated rates from Ocean Star__China-India__NHAVA SHEVA_16-JULY.eml
2026-07-16,NANSHA,NHAVA SHEVA,1550,1550,ocean_star,as01@oceanstarsz.com,COSCO USD1550/1550 CLS22/23-Jul,FW_ Updated rates from Ocean Star__China-India__NHAVA SHEVA_16-JULY.eml
2026-07-16,NINGBO,NHAVA SHEVA,1550,1650,ocean_star,as01@oceanstarsz.com,HDS USD1550/1650 ETD23-Jul,FW_ Updated rates from Ocean Star__China-India__NHAVA SHEVA_16-JULY.eml
2026-07-16,NINGBO,NHAVA SHEVA,1600,1750,ocean_star,as01@oceanstarsz.com,PERMA USD1600/1750 ETD22-Jul,FW_ Updated rates from Ocean Star__China-India__NHAVA SHEVA_16-JULY.eml
2026-07-16,NINGBO,NHAVA SHEVA,1600,1700,ocean_star,as01@oceanstarsz.com,BWL USD1600/1700 ETD22-Jul,FW_ Updated rates from Ocean Star__China-India__NHAVA SHEVA_16-JULY.eml
2026-07-16,NINGBO,NHAVA SHEVA,1750,1750,ocean_star,as01@oceanstarsz.com,CUL USD1750/1750 ETD22-Jul,FW_ Updated rates from Ocean Star__China-India__NHAVA SHEVA_16-JULY.eml
2026-07-16,NINGBO,NHAVA SHEVA,1700,1750,ocean_star,as01@oceanstarsz.com,RCL USD1700/1750 ETD23-Jul,FW_ Updated rates from Ocean Star__China-India__NHAVA SHEVA_16-JULY.eml
2026-07-16,NINGBO,NHAVA SHEVA,1650,1750,ocean_star,as01@oceanstarsz.com,EMC USD1650/1750 ETD25-Jul,FW_ Updated rates from Ocean Star__China-India__NHAVA SHEVA_16-JULY.eml
2026-07-16,NINGBO,NHAVA SHEVA,1700,1750,ocean_star,as01@oceanstarsz.com,KMTC USD1700/1750 ETD25-Jul,FW_ Updated rates from Ocean Star__China-India__NHAVA SHEVA_16-JULY.eml
2026-07-16,NINGBO,NHAVA SHEVA,1700,1700,ocean_star,as01@oceanstarsz.com,CUL USD1700/1700 ETD22-Jul,FW_ Updated rates from Ocean Star__China-India__NHAVA SHEVA_16-JULY.eml
2026-07-16,NINGBO,NHAVA SHEVA,1750,1750,ocean_star,as01@oceanstarsz.com,ONE USD1750/1750 ETD23/27-Jul,FW_ Updated rates from Ocean Star__China-India__NHAVA SHEVA_16-JULY.eml
2026-07-16,NINGBO,NHAVA SHEVA,1750,1850,ocean_star,as01@oceanstarsz.com,OOCL USD1750/1850 ETD23-Jul,FW_ Updated rates from Ocean Star__China-India__NHAVA SHEVA_16-JULY.eml
2026-07-16,NINGBO,NHAVA SHEVA,1750,1750,ocean_star,as01@oceanstarsz.com,COSCO USD1750/1750 ETD23/24-Jul,FW_ Updated rates from Ocean Star__China-India__NHAVA SHEVA_16-JULY.eml
2026-07-16,NINGBO,NHAVA SHEVA,1750,1750,ocean_star,as01@oceanstarsz.com,MSC USD1750/1750 ETD22-Jul,FW_ Updated rates from Ocean Star__China-India__NHAVA SHEVA_16-JULY.eml
2026-07-16,NINGBO,NHAVA SHEVA,1760,1760,ocean_star,as01@oceanstarsz.com,HMM USD1760/1760 ETD24-Jul,FW_ Updated rates from Ocean Star__China-India__NHAVA SHEVA_16-JULY.eml
2026-07-16,SHANGHAI,NHAVA SHEVA,1700,1700,ocean_star,as01@oceanstarsz.com,SNL USD1700/1700 ETD21-Jul,FW_ Updated rates from Ocean Star__China-India__NHAVA SHEVA_16-JULY.eml
2026-07-16,SHANGHAI,NHAVA SHEVA,1650,1750,ocean_star,as01@oceanstarsz.com,HDS USD1650/1750 ETD21-Jul,FW_ Updated rates from Ocean Star__China-India__NHAVA SHEVA_16-JULY.eml
2026-07-16,SHANGHAI,NHAVA SHEVA,1750,1750,ocean_star,as01@oceanstarsz.com,MSC USD1750/1750 ETD22-Jul,FW_ Updated rates from Ocean Star__China-India__NHAVA SHEVA_16-JULY.eml
2026-07-16,SHANGHAI,NHAVA SHEVA,1800,1800,ocean_star,as01@oceanstarsz.com,IAL USD1800/1800 ETD21-Jul,FW_ Updated rates from Ocean Star__China-India__NHAVA SHEVA_16-JULY.eml
2026-07-16,SHANGHAI,NHAVA SHEVA,1750,1850,ocean_star,as01@oceanstarsz.com,PERMA USD1750/1850 ETD23-Jul,FW_ Updated rates from Ocean Star__China-India__NHAVA SHEVA_16-JULY.eml
2026-07-16,SHANGHAI,NHAVA SHEVA,1725,1800,ocean_star,as01@oceanstarsz.com,BWL USD1725/1800 ETD23-Jul,FW_ Updated rates from Ocean Star__China-India__NHAVA SHEVA_16-JULY.eml
2026-07-16,SHANGHAI,NHAVA SHEVA,1725,1800,ocean_star,as01@oceanstarsz.com,KMTC USD1725/1800 ETD21-Jul,FW_ Updated rates from Ocean Star__China-India__NHAVA SHEVA_16-JULY.eml
2026-07-16,SHANGHAI,NHAVA SHEVA,1650,1750,ocean_star,as01@oceanstarsz.com,EMC USD1650/1750 ETD23/31-Jul,FW_ Updated rates from Ocean Star__China-India__NHAVA SHEVA_16-JULY.eml
2026-07-16,SHANGHAI,NHAVA SHEVA,1700,1750,ocean_star,as01@oceanstarsz.com,ONE USD1700/1750 ETD21-Jul,FW_ Updated rates from Ocean Star__China-India__NHAVA SHEVA_16-JULY.eml
2026-07-16,SHANGHAI,NHAVA SHEVA,1600,1750,ocean_star,as01@oceanstarsz.com,RCL USD1600/1750 ETD23-Jul,FW_ Updated rates from Ocean Star__China-India__NHAVA SHEVA_16-JULY.eml
2026-07-16,SHANGHAI,NHAVA SHEVA,1700,1700,ocean_star,as01@oceanstarsz.com,YML USD1700/1700 ETD22-Jul,FW_ Updated rates from Ocean Star__China-India__NHAVA SHEVA_16-JULY.eml
2026-07-16,SHANGHAI,NHAVA SHEVA,1635,1660,ocean_star,as01@oceanstarsz.com,OOCL USD1635/1660 ETD22-Jul,FW_ Updated rates from Ocean Star__China-India__NHAVA SHEVA_16-JULY.eml
2026-07-16,SHANGHAI,NHAVA SHEVA,1850,2000,ocean_star,as01@oceanstarsz.com,BEN USD1850/2000 ETD26-Jul(OSL),FW_ Updated rates from Ocean Star__China-India__NHAVA SHEVA_16-JULY.eml
2026-07-16,QINGDAO,NHAVA SHEVA,1900,1950,ocean_star,as01@oceanstarsz.com,PERMA USD1900/1950 ETD28-Jul,FW_ Updated rates from Ocean Star__China-India__NHAVA SHEVA_16-JULY.eml
2026-07-16,QINGDAO,NHAVA SHEVA,1950,1950,ocean_star,as01@oceanstarsz.com,SNL USD1950/1950 ETD25-Jul,FW_ Updated rates from Ocean Star__China-India__NHAVA SHEVA_16-JULY.eml
2026-07-16,QINGDAO,NHAVA SHEVA,1800,1850,ocean_star,as01@oceanstarsz.com,BWL USD1800/1850 ETD28-Jul,FW_ Updated rates from Ocean Star__China-India__NHAVA SHEVA_16-JULY.eml
2026-07-16,QINGDAO,NHAVA SHEVA,1800,1850,ocean_star,as01@oceanstarsz.com,SNG USD1800/1850 ETD21-Jul,FW_ Updated rates from Ocean Star__China-India__NHAVA SHEVA_16-JULY.eml
2026-07-16,QINGDAO,NHAVA SHEVA,2050,2050,ocean_star,as01@oceanstarsz.com,RCL USD2050/2050 ETD23-Jul,FW_ Updated rates from Ocean Star__China-India__NHAVA SHEVA_16-JULY.eml
2026-07-16,QINGDAO,NHAVA SHEVA,1950,1950,ocean_star,as01@oceanstarsz.com,WHL USD1950/1950 ETD28-Jul,FW_ Updated rates from Ocean Star__China-India__NHAVA SHEVA_16-JULY.eml
2026-07-16,QINGDAO,NHAVA SHEVA,2050,2050,ocean_star,as01@oceanstarsz.com,EMC USD2050/2050 ETD26-Jul,FW_ Updated rates from Ocean Star__China-India__NHAVA SHEVA_16-JULY.eml
2026-07-16,QINGDAO,NHAVA SHEVA,2050,2050,ocean_star,as01@oceanstarsz.com,MSC USD2050/2050 ETD26-Jul,FW_ Updated rates from Ocean Star__China-India__NHAVA SHEVA_16-JULY.eml
2026-07-16,QINGDAO,NHAVA SHEVA,2150,2150,ocean_star,as01@oceanstarsz.com,SJJ USD2150/2150 ETD25-Jul,FW_ Updated rates from Ocean Star__China-India__NHAVA SHEVA_16-JULY.eml
2026-07-16,QINGDAO,NHAVA SHEVA,2050,1950,ocean_star,as01@oceanstarsz.com,COSCO USD2050/1950 ETD25-Jul,FW_ Updated rates from Ocean Star__China-India__NHAVA SHEVA_16-JULY.eml
2026-07-16,QINGDAO,NHAVA SHEVA,,2200,ocean_star,as01@oceanstarsz.com,ONE USD2200/40HQ ETD21-Jul,FW_ Updated rates from Ocean Star__China-India__NHAVA SHEVA_16-JULY.eml
2026-07-16,TIANJIN,NHAVA SHEVA,1900,1900,ocean_star,as01@oceanstarsz.com,COSCO USD1900/1900 ETD27-Jul,FW_ Updated rates from Ocean Star__China-India__NHAVA SHEVA_16-JULY.eml
2026-07-16,TIANJIN,NHAVA SHEVA,2025,2025,ocean_star,as01@oceanstarsz.com,MSC USD2025/2025 ETD22-Jul,FW_ Updated rates from Ocean Star__China-India__NHAVA SHEVA_16-JULY.eml
2026-07-16,TIANJIN,NHAVA SHEVA,2100,2100,ocean_star,as01@oceanstarsz.com,RCL USD2100/2100 ETD25-Jul,FW_ Updated rates from Ocean Star__China-India__NHAVA SHEVA_16-JULY.eml
2026-07-16,TIANJIN,NHAVA SHEVA,1900,2000,ocean_star,as01@oceanstarsz.com,TSL USD1900/2000 ETD22-Jul,FW_ Updated rates from Ocean Star__China-India__NHAVA SHEVA_16-JULY.eml
2026-07-16,XIAMEN,NHAVA SHEVA,1700,1725,ocean_star,as01@oceanstarsz.com,ESL USD1700/1725 ETD23-Jul,FW_ Updated rates from Ocean Star__China-India__NHAVA SHEVA_16-JULY.eml
2026-07-16,XIAMEN,NHAVA SHEVA,1600,1700,ocean_star,as01@oceanstarsz.com,EMC USD1600/1700 ETD23-Jul,FW_ Updated rates from Ocean Star__China-India__NHAVA SHEVA_16-JULY.eml
2026-07-16,XIAMEN,NHAVA SHEVA,1685,1710,ocean_star,as01@oceanstarsz.com,MSC USD1685/1710 ETD21-Jul,FW_ Updated rates from Ocean Star__China-India__NHAVA SHEVA_16-JULY.eml
2026-07-16,DALIAN,NHAVA SHEVA,1900,1900,ocean_star,as01@oceanstarsz.com,HMM USD1900/1900 ETD24/25-Jul,FW_ Updated rates from Ocean Star__China-India__NHAVA SHEVA_16-JULY.eml
2026-07-16,DALIAN,NHAVA SHEVA,2025,2025,ocean_star,as01@oceanstarsz.com,MSC USD2025/2025 Valid from20-Jul to 26-Jul,FW_ Updated rates from Ocean Star__China-India__NHAVA SHEVA_16-JULY.eml
2026-07-16,DALIAN,NHAVA SHEVA,2125,2125,ocean_star,as01@oceanstarsz.com,EMC USD2125/2125 Valid from15-Jul to 21-Jul,FW_ Updated rates from Ocean Star__China-India__NHAVA SHEVA_16-JULY.eml
2026-07-16,DALIAN,NHAVA SHEVA,2125,2125,ocean_star,as01@oceanstarsz.com,WHL USD2125/2125 Valid from15-Jul to 21-Jul,FW_ Updated rates from Ocean Star__China-India__NHAVA SHEVA_16-JULY.eml
2026-07-16,DALIAN,NHAVA SHEVA,1950,1950,ocean_star,as01@oceanstarsz.com,IAL USD1950/1950 ETD27-Jul indirect,FW_ Updated rates from Ocean Star__China-India__NHAVA SHEVA_16-JULY.eml
2026-07-17,SHENZHEN,NHAVA SHEVA,1525,1575,ocean_star,as01@oceanstarsz.com,EMC USD1525/1575 CLS22/23/25/28/29/31-Jul,FW_ Updated rates from Ocean Star__China-India__NHAVA SHEVA_17-JULY.eml
2026-07-17,SHENZHEN,NHAVA SHEVA,1550,1550,ocean_star,as01@oceanstarsz.com,WHL USD1550/1550 CLS22-Jul,FW_ Updated rates from Ocean Star__China-India__NHAVA SHEVA_17-JULY.eml
2026-07-17,SHENZHEN,NHAVA SHEVA,1550,1650,ocean_star,as01@oceanstarsz.com,ESL USD1550/1650 ETD25-Jul,FW_ Updated rates from Ocean Star__China-India__NHAVA SHEVA_17-JULY.eml
2026-07-17,SHENZHEN,NHAVA SHEVA,1400,1500,ocean_star,as01@oceanstarsz.com,SKR USD1400/1500 CLS24-Jul,FW_ Updated rates from Ocean Star__China-India__NHAVA SHEVA_17-JULY.eml
2026-07-17,SHENZHEN,NHAVA SHEVA,1600,1600,ocean_star,as01@oceanstarsz.com,IAL USD1600/1600 CLS22-Jul,FW_ Updated rates from Ocean Star__China-India__NHAVA SHEVA_17-JULY.eml
2026-07-17,SHENZHEN,NHAVA SHEVA,1550,1550,ocean_star,as01@oceanstarsz.com,RCL USD1550/1550 CLS24/28-Jul,FW_ Updated rates from Ocean Star__China-India__NHAVA SHEVA_17-JULY.eml
2026-07-17,SHENZHEN,NHAVA SHEVA,,1500,ocean_star,as01@oceanstarsz.com,SJJ USD1500/40HQ CLS27-Jul,FW_ Updated rates from Ocean Star__China-India__NHAVA SHEVA_17-JULY.eml
2026-07-17,SHENZHEN,NHAVA SHEVA,1550,1550,ocean_star,as01@oceanstarsz.com,TSL USD1550/1550 CLS22-Jul,FW_ Updated rates from Ocean Star__China-India__NHAVA SHEVA_17-JULY.eml
2026-07-17,SHENZHEN,NHAVA SHEVA,1750,1750,ocean_star,as01@oceanstarsz.com,MSC USD1750/1750 CLS25/30-Jul,FW_ Updated rates from Ocean Star__China-India__NHAVA SHEVA_17-JULY.eml
2026-07-17,SHENZHEN,NHAVA SHEVA,,1510,ocean_star,as01@oceanstarsz.com,HPL USD1510/40HQ CLS22-Jul,FW_ Updated rates from Ocean Star__China-India__NHAVA SHEVA_17-JULY.eml
2026-07-17,SHENZHEN,NHAVA SHEVA,1550,1550,ocean_star,as01@oceanstarsz.com,COSCO USD1550/1550 CLS23-Jul,FW_ Updated rates from Ocean Star__China-India__NHAVA SHEVA_17-JULY.eml
2026-07-17,SHENZHEN,NHAVA SHEVA,1650,1650,ocean_star,as01@oceanstarsz.com,CUL USD1650/1650 CLS23-Jul,FW_ Updated rates from Ocean Star__China-India__NHAVA SHEVA_17-JULY.eml
2026-07-17,SHENZHEN,NHAVA SHEVA,,1800,ocean_star,as01@oceanstarsz.com,ZIM USD1800/40HQ CLS20-Jul,FW_ Updated rates from Ocean Star__China-India__NHAVA SHEVA_17-JULY.eml
2026-07-17,NANSHA,NHAVA SHEVA,1550,1650,ocean_star,as01@oceanstarsz.com,ESL USD1550/1650 ETD24-Jul,FW_ Updated rates from Ocean Star__China-India__NHAVA SHEVA_17-JULY.eml
2026-07-17,NANSHA,NHAVA SHEVA,1550,1650,ocean_star,as01@oceanstarsz.com,EMC USD1550/1650 CLS23-Jul,FW_ Updated rates from Ocean Star__China-India__NHAVA SHEVA_17-JULY.eml
2026-07-17,NANSHA,NHAVA SHEVA,1550,1550,ocean_star,as01@oceanstarsz.com,RCL USD1550/1550 CLS22/27-Jul,FW_ Updated rates from Ocean Star__China-India__NHAVA SHEVA_17-JULY.eml
2026-07-17,NANSHA,NHAVA SHEVA,1550,1550,ocean_star,as01@oceanstarsz.com,COSCO USD1550/1550 CLS22/29-Jul,FW_ Updated rates from Ocean Star__China-India__NHAVA SHEVA_17-JULY.eml
2026-07-17,NINGBO,NHAVA SHEVA,1550,1650,ocean_star,as01@oceanstarsz.com,HDS USD1550/1650 ETD23-Jul,FW_ Updated rates from Ocean Star__China-India__NHAVA SHEVA_17-JULY.eml
2026-07-17,NINGBO,NHAVA SHEVA,1600,1750,ocean_star,as01@oceanstarsz.com,PERMA USD1600/1750 ETD22-Jul,FW_ Updated rates from Ocean Star__China-India__NHAVA SHEVA_17-JULY.eml
2026-07-17,NINGBO,NHAVA SHEVA,1600,1700,ocean_star,as01@oceanstarsz.com,BWL USD1600/1700 ETD22-Jul,FW_ Updated rates from Ocean Star__China-India__NHAVA SHEVA_17-JULY.eml
2026-07-17,NINGBO,NHAVA SHEVA,1750,1750,ocean_star,as01@oceanstarsz.com,CUL USD1750/1750 ETD22-Jul,FW_ Updated rates from Ocean Star__China-India__NHAVA SHEVA_17-JULY.eml
2026-07-17,NINGBO,NHAVA SHEVA,1700,1750,ocean_star,as01@oceanstarsz.com,RCL USD1700/1750 ETD23-Jul,FW_ Updated rates from Ocean Star__China-India__NHAVA SHEVA_17-JULY.eml
2026-07-17,NINGBO,NHAVA SHEVA,1650,1750,ocean_star,as01@oceanstarsz.com,EMC USD1650/1750 ETD22-Jul,FW_ Updated rates from Ocean Star__China-India__NHAVA SHEVA_17-JULY.eml
2026-07-17,NINGBO,NHAVA SHEVA,1700,1750,ocean_star,as01@oceanstarsz.com,KMTC USD1700/1750 ETD25-Jul,FW_ Updated rates from Ocean Star__China-India__NHAVA SHEVA_17-JULY.eml
2026-07-17,NINGBO,NHAVA SHEVA,1700,1700,ocean_star,as01@oceanstarsz.com,CUL USD1700/1700 ETD22-Jul,FW_ Updated rates from Ocean Star__China-India__NHAVA SHEVA_17-JULY.eml
2026-07-17,NINGBO,NHAVA SHEVA,1800,1800,ocean_star,as01@oceanstarsz.com,ONE USD1800/1800 ETD23/27-Jul,FW_ Updated rates from Ocean Star__China-India__NHAVA SHEVA_17-JULY.eml
2026-07-17,NINGBO,NHAVA SHEVA,1750,1850,ocean_star,as01@oceanstarsz.com,OOCL USD1750/1850 ETD23-Jul,FW_ Updated rates from Ocean Star__China-India__NHAVA SHEVA_17-JULY.eml
2026-07-17,NINGBO,NHAVA SHEVA,1750,1750,ocean_star,as01@oceanstarsz.com,COSCO USD1750/1750 ETD23/24-Jul,FW_ Updated rates from Ocean Star__China-India__NHAVA SHEVA_17-JULY.eml
2026-07-17,NINGBO,NHAVA SHEVA,1750,1750,ocean_star,as01@oceanstarsz.com,MSC USD1750/1750 ETD22-Jul,FW_ Updated rates from Ocean Star__China-India__NHAVA SHEVA_17-JULY.eml
2026-07-17,NINGBO,NHAVA SHEVA,1760,1760,ocean_star,as01@oceanstarsz.com,HMM USD1760/1760 ETD24-Jul,FW_ Updated rates from Ocean Star__China-India__NHAVA SHEVA_17-JULY.eml
2026-07-17,NINGBO,NHAVA SHEVA,1500,1600,ocean_star,as01@oceanstarsz.com,BEN USD1500/1600 ETD24-Jul,FW_ Updated rates from Ocean Star__China-India__NHAVA SHEVA_17-JULY.eml
2026-07-17,SHANGHAI,NHAVA SHEVA,1550,1600,ocean_star,as01@oceanstarsz.com,ONE USD1550/1600 ETD28-Jul,FW_ Updated rates from Ocean Star__China-India__NHAVA SHEVA_17-JULY.eml
2026-07-17,SHANGHAI,NHAVA SHEVA,1750,1750,ocean_star,as01@oceanstarsz.com,MSC USD1750/1750 ETD22-Jul,FW_ Updated rates from Ocean Star__China-India__NHAVA SHEVA_17-JULY.eml
2026-07-17,SHANGHAI,NHAVA SHEVA,1750,1850,ocean_star,as01@oceanstarsz.com,PERMA USD1750/1850 ETD23-Jul,FW_ Updated rates from Ocean Star__China-India__NHAVA SHEVA_17-JULY.eml
2026-07-17,SHANGHAI,NHAVA SHEVA,1725,1800,ocean_star,as01@oceanstarsz.com,BWL USD1725/1800 ETD23-Jul,FW_ Updated rates from Ocean Star__China-India__NHAVA SHEVA_17-JULY.eml
2026-07-17,SHANGHAI,NHAVA SHEVA,1650,1750,ocean_star,as01@oceanstarsz.com,EMC USD1650/1750 ETD23/31-Jul,FW_ Updated rates from Ocean Star__China-India__NHAVA SHEVA_17-JULY.eml
2026-07-17,SHANGHAI,NHAVA SHEVA,1550,1600,ocean_star,as01@oceanstarsz.com,ONE USD1550/1600 ETD28-Jul,FW_ Updated rates from Ocean Star__China-India__NHAVA SHEVA_17-JULY.eml
2026-07-17,SHANGHAI,NHAVA SHEVA,1600,1600,ocean_star,as01@oceanstarsz.com,YML USD1600/1600 ETD28-Jul,FW_ Updated rates from Ocean Star__China-India__NHAVA SHEVA_17-JULY.eml
2026-07-17,SHANGHAI,NHAVA SHEVA,1680,1700,ocean_star,as01@oceanstarsz.com,ZIM USD1680/1700 ETD25-Jul,FW_ Updated rates from Ocean Star__China-India__NHAVA SHEVA_17-JULY.eml
2026-07-17,SHANGHAI,NHAVA SHEVA,1635,1660,ocean_star,as01@oceanstarsz.com,OOCL USD1635/1660 ETD22-Jul,FW_ Updated rates from Ocean Star__China-India__NHAVA SHEVA_17-JULY.eml
2026-07-17,SHANGHAI,NHAVA SHEVA,1850,2000,ocean_star,as01@oceanstarsz.com,BEN USD1850/2000 ETD26-Jul(OSL),FW_ Updated rates from Ocean Star__China-India__NHAVA SHEVA_17-JULY.eml
2026-07-17,QINGDAO,NHAVA SHEVA,1900,1950,ocean_star,as01@oceanstarsz.com,PERMA USD1900/1950 ETD28-Jul,FW_ Updated rates from Ocean Star__China-India__NHAVA SHEVA_17-JULY.eml
2026-07-17,QINGDAO,NHAVA SHEVA,1700,1800,ocean_star,as01@oceanstarsz.com,ESL USD1700/1800 ETD1-Aug,FW_ Updated rates from Ocean Star__China-India__NHAVA SHEVA_17-JULY.eml
2026-07-17,QINGDAO,NHAVA SHEVA,1950,1950,ocean_star,as01@oceanstarsz.com,SNL USD1950/1950 ETD25-Jul,FW_ Updated rates from Ocean Star__China-India__NHAVA SHEVA_17-JULY.eml
2026-07-17,QINGDAO,NHAVA SHEVA,1850,1850,ocean_star,as01@oceanstarsz.com,BWL USD1850/1850 ETD28-Jul,FW_ Updated rates from Ocean Star__China-India__NHAVA SHEVA_17-JULY.eml
2026-07-17,QINGDAO,NHAVA SHEVA,2050,2050,ocean_star,as01@oceanstarsz.com,RCL USD2050/2050 ETD23-Jul,FW_ Updated rates from Ocean Star__China-India__NHAVA SHEVA_17-JULY.eml
2026-07-17,QINGDAO,NHAVA SHEVA,2050,2050,ocean_star,as01@oceanstarsz.com,EMC USD2050/2050 ETD26-Jul,FW_ Updated rates from Ocean Star__China-India__NHAVA SHEVA_17-JULY.eml
2026-07-17,QINGDAO,NHAVA SHEVA,2050,2050,ocean_star,as01@oceanstarsz.com,MSC USD2050/2050 ETD26-Jul,FW_ Updated rates from Ocean Star__China-India__NHAVA SHEVA_17-JULY.eml
2026-07-17,QINGDAO,NHAVA SHEVA,2150,2150,ocean_star,as01@oceanstarsz.com,SJJ USD2150/2150 ETD25-Jul,FW_ Updated rates from Ocean Star__China-India__NHAVA SHEVA_17-JULY.eml
2026-07-17,QINGDAO,NHAVA SHEVA,2000,1900,ocean_star,as01@oceanstarsz.com,COSCO USD2000/1900 ETD25-Jul,FW_ Updated rates from Ocean Star__China-India__NHAVA SHEVA_17-JULY.eml
2026-07-17,TIANJIN,NHAVA SHEVA,1900,1950,ocean_star,as01@oceanstarsz.com,PERMA USD1900/1950 ETD30-Jul,FW_ Updated rates from Ocean Star__China-India__NHAVA SHEVA_17-JULY.eml
2026-07-17,TIANJIN,NHAVA SHEVA,1900,1900,ocean_star,as01@oceanstarsz.com,COSCO USD1900/1900 ETD27-Jul,FW_ Updated rates from Ocean Star__China-India__NHAVA SHEVA_17-JULY.eml
2026-07-17,TIANJIN,NHAVA SHEVA,1900,1900,ocean_star,as01@oceanstarsz.com,OOCL USD1900/1900 ETD27-Jul,FW_ Updated rates from Ocean Star__China-India__NHAVA SHEVA_17-JULY.eml
2026-07-17,TIANJIN,NHAVA SHEVA,2100,2100,ocean_star,as01@oceanstarsz.com,RCL USD2100/2100 ETD25-Jul,FW_ Updated rates from Ocean Star__China-India__NHAVA SHEVA_17-JULY.eml
2026-07-17,XIAMEN,NHAVA SHEVA,1700,1725,ocean_star,as01@oceanstarsz.com,ESL USD1700/1725 ETD23-Jul,FW_ Updated rates from Ocean Star__China-India__NHAVA SHEVA_17-JULY.eml
2026-07-17,XIAMEN,NHAVA SHEVA,1550,1650,ocean_star,as01@oceanstarsz.com,EMC USD1550/1650 ETD23-Jul,FW_ Updated rates from Ocean Star__China-India__NHAVA SHEVA_17-JULY.eml
2026-07-17,DALIAN,NHAVA SHEVA,1900,1900,ocean_star,as01@oceanstarsz.com,HMM USD1900/1900 ETD24/25-Jul,FW_ Updated rates from Ocean Star__China-India__NHAVA SHEVA_17-JULY.eml
2026-07-17,DALIAN,NHAVA SHEVA,2025,2025,ocean_star,as01@oceanstarsz.com,MSC USD2025/2025 Valid from 20-Jul to 26-Jul,FW_ Updated rates from Ocean Star__China-India__NHAVA SHEVA_17-JULY.eml
2026-07-17,DALIAN,NHAVA SHEVA,1900,1950,ocean_star,as01@oceanstarsz.com,EMC USD1900/1950 Valid from 22-Jul to 31-Jul,FW_ Updated rates from Ocean Star__China-India__NHAVA SHEVA_17-JULY.eml
2026-07-17,DALIAN,NHAVA SHEVA,2025,2025,ocean_star,as01@oceanstarsz.com,WHL USD2025/2025 Valid from 22-Jul to 28-Jul,FW_ Updated rates from Ocean Star__China-India__NHAVA SHEVA_17-JULY.eml
2026-07-17,DALIAN,NHAVA SHEVA,1950,1950,ocean_star,as01@oceanstarsz.com,IAL USD1950/1950 ETD27-Jul indirect,FW_ Updated rates from Ocean Star__China-India__NHAVA SHEVA_17-JULY.eml
